index,date,months,casos/dia,Country/Region
2020-01-31,2020-01-31,1,0,Afghanistan
2020-02-29,2020-02-29,2,1,Afghanistan
2020-03-31,2020-03-31,3,174,Afghanistan
2020-04-30,2020-04-30,4,2171,Afghanistan
2020-05-31,2020-05-31,5,15205,Afghanistan
2020-06-30,2020-06-30,6,31517,Afghanistan
2020-07-31,2020-07-31,7,36675,Afghanistan
2020-08-31,2020-08-31,8,38165,Afghanistan
2020-09-30,2020-09-30,9,39268,Afghanistan
2020-10-31,2020-10-17,10,40141,Afghanistan
2020-01-31,2020-01-31,1,0,Albania
2020-02-29,2020-02-29,2,0,Albania
2020-03-31,2020-03-31,3,243,Albania
2020-04-30,2020-04-30,4,773,Albania
2020-05-31,2020-05-31,5,1137,Albania
2020-06-30,2020-06-30,6,2535,Albania
2020-07-31,2020-07-31,7,5276,Albania
2020-08-31,2020-08-31,8,9513,Albania
2020-09-30,2020-09-30,9,13649,Albania
2020-10-31,2020-10-17,10,16774,Albania
2020-01-31,2020-01-31,1,0,Algeria
2020-02-29,2020-02-29,2,1,Algeria
2020-03-31,2020-03-31,3,716,Algeria
2020-04-30,2020-04-30,4,4006,Algeria
2020-05-31,2020-05-31,5,9394,Algeria
2020-06-30,2020-06-30,6,13907,Algeria
2020-07-31,2020-07-31,7,30394,Algeria
2020-08-31,2020-08-31,8,44494,Algeria
2020-09-30,2020-09-30,9,51530,Algeria
2020-10-31,2020-10-17,10,54203,Algeria
2020-01-31,2020-01-31,1,0,Andorra
2020-02-29,2020-02-29,2,0,Andorra
2020-03-31,2020-03-31,3,376,Andorra
2020-04-30,2020-04-30,4,745,Andorra
2020-05-31,2020-05-31,5,764,Andorra
2020-06-30,2020-06-30,6,855,Andorra
2020-07-31,2020-07-31,7,925,Andorra
2020-08-31,2020-08-31,8,1176,Andorra
2020-09-30,2020-09-30,9,2050,Andorra
2020-10-31,2020-10-17,10,3377,Andorra
2020-01-31,2020-01-31,1,0,Angola
2020-02-29,2020-02-29,2,0,Angola
2020-03-31,2020-03-31,3,7,Angola
2020-04-30,2020-04-30,4,27,Angola
2020-05-31,2020-05-31,5,86,Angola
2020-06-30,2020-06-30,6,284,Angola
2020-07-31,2020-07-31,7,1148,Angola
2020-08-31,2020-08-31,8,2654,Angola
2020-09-30,2020-09-30,9,4972,Angola
2020-10-31,2020-10-17,10,7462,Angola
2020-01-31,2020-01-31,1,0,Antigua and Barbuda
2020-02-29,2020-02-29,2,0,Antigua and Barbuda
2020-03-31,2020-03-31,3,7,Antigua and Barbuda
2020-04-30,2020-04-30,4,24,Antigua and Barbuda
2020-05-31,2020-05-31,5,26,Antigua and Barbuda
2020-06-30,2020-06-30,6,69,Antigua and Barbuda
2020-07-31,2020-07-31,7,91,Antigua and Barbuda
2020-08-31,2020-08-31,8,94,Antigua and Barbuda
2020-09-30,2020-09-30,9,101,Antigua and Barbuda
2020-10-31,2020-10-17,10,119,Antigua and Barbuda
2020-01-31,2020-01-31,1,0,Argentina
2020-02-29,2020-02-29,2,0,Argentina
2020-03-31,2020-03-31,3,1054,Argentina
2020-04-30,2020-04-30,4,4428,Argentina
2020-05-31,2020-05-31,5,16851,Argentina
2020-06-30,2020-06-30,6,64530,Argentina
2020-07-31,2020-07-31,7,191302,Argentina
2020-08-31,2020-08-31,8,417735,Argentina
2020-09-30,2020-09-30,9,751001,Argentina
2020-10-31,2020-10-17,10,979119,Argentina
2020-01-31,2020-01-31,1,0,Armenia
2020-02-29,2020-02-29,2,0,Armenia
2020-03-31,2020-03-31,3,532,Armenia
2020-04-30,2020-04-30,4,2066,Armenia
2020-05-31,2020-05-31,5,9282,Armenia
2020-06-30,2020-06-30,6,25542,Armenia
2020-07-31,2020-07-31,7,38550,Armenia
2020-08-31,2020-08-31,8,43781,Armenia
2020-09-30,2020-09-30,9,50359,Armenia
2020-10-31,2020-10-17,10,63000,Armenia
2020-01-31,2020-01-31,1,9,Australia
2020-02-29,2020-02-29,2,25,Australia
2020-03-31,2020-03-31,3,4559,Australia
2020-04-30,2020-04-30,4,6766,Australia
2020-05-31,2020-05-31,5,7202,Australia
2020-06-30,2020-06-30,6,7920,Australia
2020-07-31,2020-07-31,7,17280,Australia
2020-08-31,2020-08-31,8,25819,Australia
2020-09-30,2020-09-30,9,27096,Australia
2020-10-31,2020-10-17,10,27390,Australia
2020-01-31,2020-01-31,1,0,Austria
2020-02-29,2020-02-29,2,9,Austria
2020-03-31,2020-03-31,3,10180,Austria
2020-04-30,2020-04-30,4,15452,Austria
2020-05-31,2020-05-31,5,16731,Austria
2020-06-30,2020-06-30,6,17766,Austria
2020-07-31,2020-07-31,7,21130,Austria
2020-08-31,2020-08-31,8,27438,Austria
2020-09-30,2020-09-30,9,44813,Austria
2020-10-31,2020-10-17,10,63134,Austria
2020-01-31,2020-01-31,1,0,Azerbaijan
2020-02-29,2020-02-29,2,0,Azerbaijan
2020-03-31,2020-03-31,3,298,Azerbaijan
2020-04-30,2020-04-30,4,1804,Azerbaijan
2020-05-31,2020-05-31,5,5494,Azerbaijan
2020-06-30,2020-06-30,6,17524,Azerbaijan
2020-07-31,2020-07-31,7,31878,Azerbaijan
2020-08-31,2020-08-31,8,36435,Azerbaijan
2020-09-30,2020-09-30,9,40229,Azerbaijan
2020-10-31,2020-10-17,10,44317,Azerbaijan
2020-01-31,2020-01-31,1,0,Bahamas
2020-02-29,2020-02-29,2,0,Bahamas
2020-03-31,2020-03-31,3,14,Bahamas
2020-04-30,2020-04-30,4,81,Bahamas
2020-05-31,2020-05-31,5,102,Bahamas
2020-06-30,2020-06-30,6,104,Bahamas
2020-07-31,2020-07-31,7,574,Bahamas
2020-08-31,2020-08-31,8,2217,Bahamas
2020-09-30,2020-09-30,9,4123,Bahamas
2020-10-31,2020-10-17,10,5628,Bahamas
2020-01-31,2020-01-31,1,0,Bahrain
2020-02-29,2020-02-29,2,41,Bahrain
2020-03-31,2020-03-31,3,567,Bahrain
2020-04-30,2020-04-30,4,3040,Bahrain
2020-05-31,2020-05-31,5,11398,Bahrain
2020-06-30,2020-06-30,6,26758,Bahrain
2020-07-31,2020-07-31,7,40982,Bahrain
2020-08-31,2020-08-31,8,51972,Bahrain
2020-09-30,2020-09-30,9,70864,Bahrain
2020-10-31,2020-10-17,10,77571,Bahrain
2020-01-31,2020-01-31,1,0,Bangladesh
2020-02-29,2020-02-29,2,0,Bangladesh
2020-03-31,2020-03-31,3,51,Bangladesh
2020-04-30,2020-04-30,4,7667,Bangladesh
2020-05-31,2020-05-31,5,47153,Bangladesh
2020-06-30,2020-06-30,6,145483,Bangladesh
2020-07-31,2020-07-31,7,237661,Bangladesh
2020-08-31,2020-08-31,8,312996,Bangladesh
2020-09-30,2020-09-30,9,363479,Bangladesh
2020-10-31,2020-10-17,10,387295,Bangladesh
2020-01-31,2020-01-31,1,0,Barbados
2020-02-29,2020-02-29,2,0,Barbados
2020-03-31,2020-03-31,3,34,Barbados
2020-04-30,2020-04-30,4,81,Barbados
2020-05-31,2020-05-31,5,92,Barbados
2020-06-30,2020-06-30,6,97,Barbados
2020-07-31,2020-07-31,7,110,Barbados
2020-08-31,2020-08-31,8,174,Barbados
2020-09-30,2020-09-30,9,190,Barbados
2020-10-31,2020-10-17,10,219,Barbados
2020-01-31,2020-01-31,1,0,Belarus
2020-02-29,2020-02-29,2,1,Belarus
2020-03-31,2020-03-31,3,152,Belarus
2020-04-30,2020-04-30,4,14027,Belarus
2020-05-31,2020-05-31,5,42556,Belarus
2020-06-30,2020-06-30,6,62118,Belarus
2020-07-31,2020-07-31,7,67808,Belarus
2020-08-31,2020-08-31,8,71843,Belarus
2020-09-30,2020-09-30,9,78631,Belarus
2020-10-31,2020-10-17,10,87063,Belarus
2020-01-31,2020-01-31,1,0,Belgium
2020-02-29,2020-02-29,2,1,Belgium
2020-03-31,2020-03-31,3,12775,Belgium
2020-04-30,2020-04-30,4,48519,Belgium
2020-05-31,2020-05-31,5,58381,Belgium
2020-06-30,2020-06-30,6,61427,Belgium
2020-07-31,2020-07-31,7,68751,Belgium
2020-08-31,2020-08-31,8,85236,Belgium
2020-09-30,2020-09-30,9,118452,Belgium
2020-10-31,2020-10-17,10,213115,Belgium
2020-01-31,2020-01-31,1,0,Belize
2020-02-29,2020-02-29,2,0,Belize
2020-03-31,2020-03-31,3,3,Belize
2020-04-30,2020-04-30,4,18,Belize
2020-05-31,2020-05-31,5,18,Belize
2020-06-30,2020-06-30,6,24,Belize
2020-07-31,2020-07-31,7,48,Belize
2020-08-31,2020-08-31,8,1007,Belize
2020-09-30,2020-09-30,9,1992,Belize
2020-10-31,2020-10-17,10,2775,Belize
2020-01-31,2020-01-31,1,0,Benin
2020-02-29,2020-02-29,2,0,Benin
2020-03-31,2020-03-31,3,9,Benin
2020-04-30,2020-04-30,4,64,Benin
2020-05-31,2020-05-31,5,339,Benin
2020-06-30,2020-06-30,6,1199,Benin
2020-07-31,2020-07-31,7,1805,Benin
2020-08-31,2020-08-31,8,2145,Benin
2020-09-30,2020-09-30,9,2357,Benin
2020-10-31,2020-10-17,10,2496,Benin
2020-01-31,2020-01-31,1,0,Bhutan
2020-02-29,2020-02-29,2,0,Bhutan
2020-03-31,2020-03-31,3,4,Bhutan
2020-04-30,2020-04-30,4,7,Bhutan
2020-05-31,2020-05-31,5,43,Bhutan
2020-06-30,2020-06-30,6,77,Bhutan
2020-07-31,2020-07-31,7,101,Bhutan
2020-08-31,2020-08-31,8,225,Bhutan
2020-09-30,2020-09-30,9,282,Bhutan
2020-10-31,2020-10-17,10,325,Bhutan
2020-01-31,2020-01-31,1,0,Bolivia
2020-02-29,2020-02-29,2,0,Bolivia
2020-03-31,2020-03-31,3,107,Bolivia
2020-04-30,2020-04-30,4,1167,Bolivia
2020-05-31,2020-05-31,5,9982,Bolivia
2020-06-30,2020-06-30,6,33219,Bolivia
2020-07-31,2020-07-31,7,76789,Bolivia
2020-08-31,2020-08-31,8,116598,Bolivia
2020-09-30,2020-09-30,9,135311,Bolivia
2020-10-31,2020-10-17,10,139710,Bolivia
2020-01-31,2020-01-31,1,0,Bosnia and Herzegovina
2020-02-29,2020-02-29,2,0,Bosnia and Herzegovina
2020-03-31,2020-03-31,3,420,Bosnia and Herzegovina
2020-04-30,2020-04-30,4,1757,Bosnia and Herzegovina
2020-05-31,2020-05-31,5,2510,Bosnia and Herzegovina
2020-06-30,2020-06-30,6,4453,Bosnia and Herzegovina
2020-07-31,2020-07-31,7,11876,Bosnia and Herzegovina
2020-08-31,2020-08-31,8,19964,Bosnia and Herzegovina
2020-09-30,2020-09-30,9,27469,Bosnia and Herzegovina
2020-10-31,2020-10-17,10,33561,Bosnia and Herzegovina
2020-01-31,2020-01-31,1,0,Botswana
2020-02-29,2020-02-29,2,0,Botswana
2020-03-31,2020-03-31,3,4,Botswana
2020-04-30,2020-04-30,4,23,Botswana
2020-05-31,2020-05-31,5,35,Botswana
2020-06-30,2020-06-30,6,227,Botswana
2020-07-31,2020-07-31,7,804,Botswana
2020-08-31,2020-08-31,8,1633,Botswana
2020-09-30,2020-09-30,9,3172,Botswana
2020-10-31,2020-10-17,10,5242,Botswana
2020-01-31,2020-01-31,1,0,Brazil
2020-02-29,2020-02-29,2,2,Brazil
2020-03-31,2020-03-31,3,5717,Brazil
2020-04-30,2020-04-30,4,87187,Brazil
2020-05-31,2020-05-31,5,514849,Brazil
2020-06-30,2020-06-30,6,1402041,Brazil
2020-07-31,2020-07-31,7,2662485,Brazil
2020-08-31,2020-08-31,8,3908272,Brazil
2020-09-30,2020-09-30,9,4810935,Brazil
2020-10-31,2020-10-17,10,5224362,Brazil
2020-01-31,2020-01-31,1,0,Brunei
2020-02-29,2020-02-29,2,0,Brunei
2020-03-31,2020-03-31,3,129,Brunei
2020-04-30,2020-04-30,4,138,Brunei
2020-05-31,2020-05-31,5,141,Brunei
2020-06-30,2020-06-30,6,141,Brunei
2020-07-31,2020-07-31,7,141,Brunei
2020-08-31,2020-08-31,8,144,Brunei
2020-09-30,2020-09-30,9,146,Brunei
2020-10-31,2020-10-17,10,147,Brunei
2020-01-31,2020-01-31,1,0,Bulgaria
2020-02-29,2020-02-29,2,0,Bulgaria
2020-03-31,2020-03-31,3,399,Bulgaria
2020-04-30,2020-04-30,4,1506,Bulgaria
2020-05-31,2020-05-31,5,2513,Bulgaria
2020-06-30,2020-06-30,6,4989,Bulgaria
2020-07-31,2020-07-31,7,11690,Bulgaria
2020-08-31,2020-08-31,8,16266,Bulgaria
2020-09-30,2020-09-30,9,20833,Bulgaria
2020-10-31,2020-10-17,10,29108,Bulgaria
2020-01-31,2020-01-31,1,0,Burkina Faso
2020-02-29,2020-02-29,2,0,Burkina Faso
2020-03-31,2020-03-31,3,261,Burkina Faso
2020-04-30,2020-04-30,4,645,Burkina Faso
2020-05-31,2020-05-31,5,847,Burkina Faso
2020-06-30,2020-06-30,6,962,Burkina Faso
2020-07-31,2020-07-31,7,1106,Burkina Faso
2020-08-31,2020-08-31,8,1368,Burkina Faso
2020-09-30,2020-09-30,9,2056,Burkina Faso
2020-10-31,2020-10-17,10,2343,Burkina Faso
2020-01-31,2020-01-31,1,0,Burma
2020-02-29,2020-02-29,2,0,Burma
2020-03-31,2020-03-31,3,15,Burma
2020-04-30,2020-04-30,4,151,Burma
2020-05-31,2020-05-31,5,224,Burma
2020-06-30,2020-06-30,6,299,Burma
2020-07-31,2020-07-31,7,353,Burma
2020-08-31,2020-08-31,8,882,Burma
2020-09-30,2020-09-30,9,13373,Burma
2020-10-31,2020-10-17,10,34875,Burma
2020-01-31,2020-01-31,1,0,Burundi
2020-02-29,2020-02-29,2,0,Burundi
2020-03-31,2020-03-31,3,2,Burundi
2020-04-30,2020-04-30,4,11,Burundi
2020-05-31,2020-05-31,5,63,Burundi
2020-06-30,2020-06-30,6,170,Burundi
2020-07-31,2020-07-31,7,387,Burundi
2020-08-31,2020-08-31,8,445,Burundi
2020-09-30,2020-09-30,9,508,Burundi
2020-10-31,2020-10-17,10,536,Burundi
2020-01-31,2020-01-31,1,0,Cabo Verde
2020-02-29,2020-02-29,2,0,Cabo Verde
2020-03-31,2020-03-31,3,6,Cabo Verde
2020-04-30,2020-04-30,4,121,Cabo Verde
2020-05-31,2020-05-31,5,435,Cabo Verde
2020-06-30,2020-06-30,6,1227,Cabo Verde
2020-07-31,2020-07-31,7,2451,Cabo Verde
2020-08-31,2020-08-31,8,3884,Cabo Verde
2020-09-30,2020-09-30,9,6024,Cabo Verde
2020-10-31,2020-10-17,10,7638,Cabo Verde
2020-01-31,2020-01-31,1,1,Cambodia
2020-02-29,2020-02-29,2,1,Cambodia
2020-03-31,2020-03-31,3,109,Cambodia
2020-04-30,2020-04-30,4,122,Cambodia
2020-05-31,2020-05-31,5,125,Cambodia
2020-06-30,2020-06-30,6,141,Cambodia
2020-07-31,2020-07-31,7,239,Cambodia
2020-08-31,2020-08-31,8,274,Cambodia
2020-09-30,2020-09-30,9,277,Cambodia
2020-10-31,2020-10-17,10,283,Cambodia
2020-01-31,2020-01-31,1,0,Cameroon
2020-02-29,2020-02-29,2,0,Cameroon
2020-03-31,2020-03-31,3,193,Cameroon
2020-04-30,2020-04-30,4,1832,Cameroon
2020-05-31,2020-05-31,5,5904,Cameroon
2020-06-30,2020-06-30,6,12592,Cameroon
2020-07-31,2020-07-31,7,17255,Cameroon
2020-08-31,2020-08-31,8,19142,Cameroon
2020-09-30,2020-09-30,9,20838,Cameroon
2020-10-31,2020-10-17,10,21441,Cameroon
2020-01-31,2020-01-31,1,4,Canada
2020-02-29,2020-02-29,2,20,Canada
2020-03-31,2020-03-31,3,8527,Canada
2020-04-30,2020-04-30,4,54457,Canada
2020-05-31,2020-05-31,5,92479,Canada
2020-06-30,2020-06-30,6,106097,Canada
2020-07-31,2020-07-31,7,118281,Canada
2020-08-31,2020-08-31,8,130918,Canada
2020-09-30,2020-09-30,9,161107,Canada
2020-10-31,2020-10-17,10,197067,Canada
2020-01-31,2020-01-31,1,0,Central African Republic
2020-02-29,2020-02-29,2,0,Central African Republic
2020-03-31,2020-03-31,3,3,Central African Republic
2020-04-30,2020-04-30,4,50,Central African Republic
2020-05-31,2020-05-31,5,1011,Central African Republic
2020-06-30,2020-06-30,6,3745,Central African Republic
2020-07-31,2020-07-31,7,4608,Central African Republic
2020-08-31,2020-08-31,8,4711,Central African Republic
2020-09-30,2020-09-30,9,4829,Central African Republic
2020-10-31,2020-10-17,10,4855,Central African Republic
2020-01-31,2020-01-31,1,0,Chad
2020-02-29,2020-02-29,2,0,Chad
2020-03-31,2020-03-31,3,7,Chad
2020-04-30,2020-04-30,4,73,Chad
2020-05-31,2020-05-31,5,778,Chad
2020-06-30,2020-06-30,6,866,Chad
2020-07-31,2020-07-31,7,936,Chad
2020-08-31,2020-08-31,8,1013,Chad
2020-09-30,2020-09-30,9,1200,Chad
2020-10-31,2020-10-17,10,1365,Chad
2020-01-31,2020-01-31,1,0,Chile
2020-02-29,2020-02-29,2,2,Chile
2020-03-31,2020-03-31,3,2844,Chile
2020-04-30,2020-04-30,4,17702,Chile
2020-05-31,2020-05-31,5,123550,Chile
2020-06-30,2020-06-30,6,279393,Chile
2020-07-31,2020-07-31,7,355667,Chile
2020-08-31,2020-08-31,8,411726,Chile
2020-09-30,2020-09-30,9,462991,Chile
2020-10-31,2020-10-17,10,490003,Chile
2020-01-31,2020-01-31,1,9802,China
2020-02-29,2020-02-29,2,79356,China
2020-03-31,2020-03-31,3,82279,China
2020-04-30,2020-04-30,4,83956,China
2020-05-31,2020-05-31,5,84146,China
2020-06-30,2020-06-30,6,84785,China
2020-07-31,2020-07-31,7,87655,China
2020-08-31,2020-08-31,8,89914,China
2020-09-30,2020-09-30,9,90545,China
2020-10-31,2020-10-17,10,90955,China
2020-01-31,2020-01-31,1,0,Colombia
2020-02-29,2020-02-29,2,0,Colombia
2020-03-31,2020-03-31,3,906,Colombia
2020-04-30,2020-04-30,4,6507,Colombia
2020-05-31,2020-05-31,5,29383,Colombia
2020-06-30,2020-06-30,6,97846,Colombia
2020-07-31,2020-07-31,7,295508,Colombia
2020-08-31,2020-08-31,8,615094,Colombia
2020-09-30,2020-09-30,9,829679,Colombia
2020-10-31,2020-10-17,10,952371,Colombia
2020-01-31,2020-01-31,1,0,Comoros
2020-02-29,2020-02-29,2,0,Comoros
2020-03-31,2020-03-31,3,0,Comoros
2020-04-30,2020-04-30,4,1,Comoros
2020-05-31,2020-05-31,5,106,Comoros
2020-06-30,2020-06-30,6,303,Comoros
2020-07-31,2020-07-31,7,378,Comoros
2020-08-31,2020-08-31,8,423,Comoros
2020-09-30,2020-09-30,9,479,Comoros
2020-10-31,2020-10-17,10,502,Comoros
2020-01-31,2020-01-31,1,0,Congo (Brazzaville)
2020-02-29,2020-02-29,2,0,Congo (Brazzaville)
2020-03-31,2020-03-31,3,19,Congo (Brazzaville)
2020-04-30,2020-04-30,4,220,Congo (Brazzaville)
2020-05-31,2020-05-31,5,611,Congo (Brazzaville)
2020-06-30,2020-06-30,6,1087,Congo (Brazzaville)
2020-07-31,2020-07-31,7,3200,Congo (Brazzaville)
2020-08-31,2020-08-31,8,3979,Congo (Brazzaville)
2020-09-30,2020-09-30,9,5089,Congo (Brazzaville)
2020-10-31,2020-10-17,10,5156,Congo (Brazzaville)
2020-01-31,2020-01-31,1,0,Congo (Kinshasa)
2020-02-29,2020-02-29,2,0,Congo (Kinshasa)
2020-03-31,2020-03-31,3,98,Congo (Kinshasa)
2020-04-30,2020-04-30,4,572,Congo (Kinshasa)
2020-05-31,2020-05-31,5,3070,Congo (Kinshasa)
2020-06-30,2020-06-30,6,7039,Congo (Kinshasa)
2020-07-31,2020-07-31,7,9070,Congo (Kinshasa)
2020-08-31,2020-08-31,8,10097,Congo (Kinshasa)
2020-09-30,2020-09-30,9,10659,Congo (Kinshasa)
2020-10-31,2020-10-17,10,11000,Congo (Kinshasa)
2020-01-31,2020-01-31,1,0,Costa Rica
2020-02-29,2020-02-29,2,0,Costa Rica
2020-03-31,2020-03-31,3,347,Costa Rica
2020-04-30,2020-04-30,4,719,Costa Rica
2020-05-31,2020-05-31,5,1056,Costa Rica
2020-06-30,2020-06-30,6,3459,Costa Rica
2020-07-31,2020-07-31,7,17820,Costa Rica
2020-08-31,2020-08-31,8,41287,Costa Rica
2020-09-30,2020-09-30,9,75760,Costa Rica
2020-10-31,2020-10-17,10,95514,Costa Rica
2020-01-31,2020-01-31,1,0,Cote d'Ivoire
2020-02-29,2020-02-29,2,0,Cote d'Ivoire
2020-03-31,2020-03-31,3,179,Cote d'Ivoire
2020-04-30,2020-04-30,4,1275,Cote d'Ivoire
2020-05-31,2020-05-31,5,2833,Cote d'Ivoire
2020-06-30,2020-06-30,6,9499,Cote d'Ivoire
2020-07-31,2020-07-31,7,16047,Cote d'Ivoire
2020-08-31,2020-08-31,8,18067,Cote d'Ivoire
2020-09-30,2020-09-30,9,19724,Cote d'Ivoire
2020-10-31,2020-10-17,10,20301,Cote d'Ivoire
2020-01-31,2020-01-31,1,0,Croatia
2020-02-29,2020-02-29,2,6,Croatia
2020-03-31,2020-03-31,3,867,Croatia
2020-04-30,2020-04-30,4,2076,Croatia
2020-05-31,2020-05-31,5,2246,Croatia
2020-06-30,2020-06-30,6,2777,Croatia
2020-07-31,2020-07-31,7,5139,Croatia
2020-08-31,2020-08-31,8,10269,Croatia
2020-09-30,2020-09-30,9,16593,Croatia
2020-10-31,2020-10-17,10,24761,Croatia
2020-01-31,2020-01-31,1,0,Cuba
2020-02-29,2020-02-29,2,0,Cuba
2020-03-31,2020-03-31,3,186,Cuba
2020-04-30,2020-04-30,4,1501,Cuba
2020-05-31,2020-05-31,5,2045,Cuba
2020-06-30,2020-06-30,6,2341,Cuba
2020-07-31,2020-07-31,7,2608,Cuba
2020-08-31,2020-08-31,8,4032,Cuba
2020-09-30,2020-09-30,9,5597,Cuba
2020-10-31,2020-10-17,10,6170,Cuba
2020-01-31,2020-01-31,1,0,Cyprus
2020-02-29,2020-02-29,2,0,Cyprus
2020-03-31,2020-03-31,3,262,Cyprus
2020-04-30,2020-04-30,4,850,Cyprus
2020-05-31,2020-05-31,5,944,Cyprus
2020-06-30,2020-06-30,6,998,Cyprus
2020-07-31,2020-07-31,7,1114,Cyprus
2020-08-31,2020-08-31,8,1488,Cyprus
2020-09-30,2020-09-30,9,1755,Cyprus
2020-10-31,2020-10-17,10,2581,Cyprus
2020-01-31,2020-01-31,1,0,Czechia
2020-02-29,2020-02-29,2,0,Czechia
2020-03-31,2020-03-31,3,3308,Czechia
2020-04-30,2020-04-30,4,7682,Czechia
2020-05-31,2020-05-31,5,9268,Czechia
2020-06-30,2020-06-30,6,11954,Czechia
2020-07-31,2020-07-31,7,16574,Czechia
2020-08-31,2020-08-31,8,24618,Czechia
2020-09-30,2020-09-30,9,70763,Czechia
2020-10-31,2020-10-17,10,168827,Czechia
2020-01-31,2020-01-31,1,0,Denmark
2020-02-29,2020-02-29,2,3,Denmark
2020-03-31,2020-03-31,3,3039,Denmark
2020-04-30,2020-04-30,4,9356,Denmark
2020-05-31,2020-05-31,5,11869,Denmark
2020-06-30,2020-06-30,6,12968,Denmark
2020-07-31,2020-07-31,7,14028,Denmark
2020-08-31,2020-08-31,8,17410,Denmark
2020-09-30,2020-09-30,9,28479,Denmark
2020-10-31,2020-10-17,10,35440,Denmark
2020-01-31,2020-01-31,1,0,Diamond Princess
2020-02-29,2020-02-29,2,705,Diamond Princess
2020-03-31,2020-03-31,3,712,Diamond Princess
2020-04-30,2020-04-30,4,712,Diamond Princess
2020-05-31,2020-05-31,5,712,Diamond Princess
2020-06-30,2020-06-30,6,712,Diamond Princess
2020-07-31,2020-07-31,7,712,Diamond Princess
2020-08-31,2020-08-31,8,712,Diamond Princess
2020-09-30,2020-09-30,9,712,Diamond Princess
2020-10-31,2020-10-17,10,712,Diamond Princess
2020-01-31,2020-01-31,1,0,Djibouti
2020-02-29,2020-02-29,2,0,Djibouti
2020-03-31,2020-03-31,3,30,Djibouti
2020-04-30,2020-04-30,4,1089,Djibouti
2020-05-31,2020-05-31,5,3354,Djibouti
2020-06-30,2020-06-30,6,4682,Djibouti
2020-07-31,2020-07-31,7,5084,Djibouti
2020-08-31,2020-08-31,8,5387,Djibouti
2020-09-30,2020-09-30,9,5416,Djibouti
2020-10-31,2020-10-17,10,5452,Djibouti
2020-01-31,2020-01-31,1,0,Dominica
2020-02-29,2020-02-29,2,0,Dominica
2020-03-31,2020-03-31,3,12,Dominica
2020-04-30,2020-04-30,4,16,Dominica
2020-05-31,2020-05-31,5,16,Dominica
2020-06-30,2020-06-30,6,18,Dominica
2020-07-31,2020-07-31,7,18,Dominica
2020-08-31,2020-08-31,8,20,Dominica
2020-09-30,2020-09-30,9,30,Dominica
2020-10-31,2020-10-17,10,33,Dominica
2020-01-31,2020-01-31,1,0,Dominican Republic
2020-02-29,2020-02-29,2,0,Dominican Republic
2020-03-31,2020-03-31,3,1109,Dominican Republic
2020-04-30,2020-04-30,4,6972,Dominican Republic
2020-05-31,2020-05-31,5,17285,Dominican Republic
2020-06-30,2020-06-30,6,32568,Dominican Republic
2020-07-31,2020-07-31,7,69649,Dominican Republic
2020-08-31,2020-08-31,8,94715,Dominican Republic
2020-09-30,2020-09-30,9,112209,Dominican Republic
2020-10-31,2020-10-17,10,120925,Dominican Republic
2020-01-31,2020-01-31,1,0,Ecuador
2020-02-29,2020-02-29,2,0,Ecuador
2020-03-31,2020-03-31,3,2240,Ecuador
2020-04-30,2020-04-30,4,24934,Ecuador
2020-05-31,2020-05-31,5,39098,Ecuador
2020-06-30,2020-06-30,6,56432,Ecuador
2020-07-31,2020-07-31,7,85355,Ecuador
2020-08-31,2020-08-31,8,113767,Ecuador
2020-09-30,2020-09-30,9,137047,Ecuador
2020-10-31,2020-10-17,10,152422,Ecuador
2020-01-31,2020-01-31,1,0,Egypt
2020-02-29,2020-02-29,2,1,Egypt
2020-03-31,2020-03-31,3,710,Egypt
2020-04-30,2020-04-30,4,5537,Egypt
2020-05-31,2020-05-31,5,24985,Egypt
2020-06-30,2020-06-30,6,68311,Egypt
2020-07-31,2020-07-31,7,94078,Egypt
2020-08-31,2020-08-31,8,98939,Egypt
2020-09-30,2020-09-30,9,103198,Egypt
2020-10-31,2020-10-17,10,105297,Egypt
2020-01-31,2020-01-31,1,0,El Salvador
2020-02-29,2020-02-29,2,0,El Salvador
2020-03-31,2020-03-31,3,32,El Salvador
2020-04-30,2020-04-30,4,395,El Salvador
2020-05-31,2020-05-31,5,2517,El Salvador
2020-06-30,2020-06-30,6,6438,El Salvador
2020-07-31,2020-07-31,7,16632,El Salvador
2020-08-31,2020-08-31,8,25729,El Salvador
2020-09-30,2020-09-30,9,29077,El Salvador
2020-10-31,2020-10-17,10,31456,El Salvador
2020-01-31,2020-01-31,1,0,Equatorial Guinea
2020-02-29,2020-02-29,2,0,Equatorial Guinea
2020-03-31,2020-03-31,3,12,Equatorial Guinea
2020-04-30,2020-04-30,4,315,Equatorial Guinea
2020-05-31,2020-05-31,5,1306,Equatorial Guinea
2020-06-30,2020-06-30,6,2001,Equatorial Guinea
2020-07-31,2020-07-31,7,4821,Equatorial Guinea
2020-08-31,2020-08-31,8,4941,Equatorial Guinea
2020-09-30,2020-09-30,9,5030,Equatorial Guinea
2020-10-31,2020-10-17,10,5070,Equatorial Guinea
2020-01-31,2020-01-31,1,0,Eritrea
2020-02-29,2020-02-29,2,0,Eritrea
2020-03-31,2020-03-31,3,15,Eritrea
2020-04-30,2020-04-30,4,39,Eritrea
2020-05-31,2020-05-31,5,39,Eritrea
2020-06-30,2020-06-30,6,203,Eritrea
2020-07-31,2020-07-31,7,279,Eritrea
2020-08-31,2020-08-31,8,319,Eritrea
2020-09-30,2020-09-30,9,375,Eritrea
2020-10-31,2020-10-17,10,452,Eritrea
2020-01-31,2020-01-31,1,0,Estonia
2020-02-29,2020-02-29,2,1,Estonia
2020-03-31,2020-03-31,3,745,Estonia
2020-04-30,2020-04-30,4,1689,Estonia
2020-05-31,2020-05-31,5,1869,Estonia
2020-06-30,2020-06-30,6,1989,Estonia
2020-07-31,2020-07-31,7,2064,Estonia
2020-08-31,2020-08-31,8,2375,Estonia
2020-09-30,2020-09-30,9,3371,Estonia
2020-10-31,2020-10-17,10,4052,Estonia
2020-01-31,2020-01-31,1,0,Eswatini
2020-02-29,2020-02-29,2,0,Eswatini
2020-03-31,2020-03-31,3,9,Eswatini
2020-04-30,2020-04-30,4,100,Eswatini
2020-05-31,2020-05-31,5,285,Eswatini
2020-06-30,2020-06-30,6,812,Eswatini
2020-07-31,2020-07-31,7,2648,Eswatini
2020-08-31,2020-08-31,8,4577,Eswatini
2020-09-30,2020-09-30,9,5482,Eswatini
2020-10-31,2020-10-17,10,5765,Eswatini
2020-01-31,2020-01-31,1,0,Ethiopia
2020-02-29,2020-02-29,2,0,Ethiopia
2020-03-31,2020-03-31,3,26,Ethiopia
2020-04-30,2020-04-30,4,131,Ethiopia
2020-05-31,2020-05-31,5,1172,Ethiopia
2020-06-30,2020-06-30,6,5846,Ethiopia
2020-07-31,2020-07-31,7,17530,Ethiopia
2020-08-31,2020-08-31,8,52131,Ethiopia
2020-09-30,2020-09-30,9,75368,Ethiopia
2020-10-31,2020-10-17,10,88434,Ethiopia
2020-01-31,2020-01-31,1,0,Fiji
2020-02-29,2020-02-29,2,0,Fiji
2020-03-31,2020-03-31,3,5,Fiji
2020-04-30,2020-04-30,4,18,Fiji
2020-05-31,2020-05-31,5,18,Fiji
2020-06-30,2020-06-30,6,18,Fiji
2020-07-31,2020-07-31,7,27,Fiji
2020-08-31,2020-08-31,8,28,Fiji
2020-09-30,2020-09-30,9,32,Fiji
2020-10-31,2020-10-17,10,32,Fiji
2020-01-31,2020-01-31,1,1,Finland
2020-02-29,2020-02-29,2,3,Finland
2020-03-31,2020-03-31,3,1418,Finland
2020-04-30,2020-04-30,4,4995,Finland
2020-05-31,2020-05-31,5,6859,Finland
2020-06-30,2020-06-30,6,7214,Finland
2020-07-31,2020-07-31,7,7432,Finland
2020-08-31,2020-08-31,8,8086,Finland
2020-09-30,2020-09-30,9,9992,Finland
2020-10-31,2020-10-17,10,13293,Finland
2020-01-31,2020-01-31,1,5,France
2020-02-29,2020-02-29,2,100,France
2020-03-31,2020-03-31,3,52827,France
2020-04-30,2020-04-30,4,169053,France
2020-05-31,2020-05-31,5,189009,France
2020-06-30,2020-06-30,6,202063,France
2020-07-31,2020-07-31,7,225197,France
2020-08-31,2020-08-31,8,318986,France
2020-09-30,2020-09-30,9,604031,France
2020-10-31,2020-10-17,10,876342,France
2020-01-31,2020-01-31,1,0,Gabon
2020-02-29,2020-02-29,2,0,Gabon
2020-03-31,2020-03-31,3,16,Gabon
2020-04-30,2020-04-30,4,276,Gabon
2020-05-31,2020-05-31,5,2655,Gabon
2020-06-30,2020-06-30,6,5394,Gabon
2020-07-31,2020-07-31,7,7352,Gabon
2020-08-31,2020-08-31,8,8533,Gabon
2020-09-30,2020-09-30,9,8766,Gabon
2020-10-31,2020-10-17,10,8881,Gabon
2020-01-31,2020-01-31,1,0,Gambia
2020-02-29,2020-02-29,2,0,Gambia
2020-03-31,2020-03-31,3,4,Gambia
2020-04-30,2020-04-30,4,11,Gambia
2020-05-31,2020-05-31,5,25,Gambia
2020-06-30,2020-06-30,6,49,Gambia
2020-07-31,2020-07-31,7,498,Gambia
2020-08-31,2020-08-31,8,2963,Gambia
2020-09-30,2020-09-30,9,3579,Gambia
2020-10-31,2020-10-17,10,3649,Gambia
2020-01-31,2020-01-31,1,0,Georgia
2020-02-29,2020-02-29,2,1,Georgia
2020-03-31,2020-03-31,3,110,Georgia
2020-04-30,2020-04-30,4,539,Georgia
2020-05-31,2020-05-31,5,783,Georgia
2020-06-30,2020-06-30,6,928,Georgia
2020-07-31,2020-07-31,7,1168,Georgia
2020-08-31,2020-08-31,8,1487,Georgia
2020-09-30,2020-09-30,9,6192,Georgia
2020-10-31,2020-10-17,10,16285,Georgia
2020-01-31,2020-01-31,1,5,Germany
2020-02-29,2020-02-29,2,79,Germany
2020-03-31,2020-03-31,3,71808,Germany
2020-04-30,2020-04-30,4,163009,Germany
2020-05-31,2020-05-31,5,183410,Germany
2020-06-30,2020-06-30,6,195418,Germany
2020-07-31,2020-07-31,7,210399,Germany
2020-08-31,2020-08-31,8,244802,Germany
2020-09-30,2020-09-30,9,292913,Germany
2020-10-31,2020-10-17,10,364664,Germany
2020-01-31,2020-01-31,1,0,Ghana
2020-02-29,2020-02-29,2,0,Ghana
2020-03-31,2020-03-31,3,161,Ghana
2020-04-30,2020-04-30,4,2074,Ghana
2020-05-31,2020-05-31,5,8070,Ghana
2020-06-30,2020-06-30,6,17741,Ghana
2020-07-31,2020-07-31,7,35501,Ghana
2020-08-31,2020-08-31,8,44298,Ghana
2020-09-30,2020-09-30,9,46626,Ghana
2020-10-31,2020-10-17,10,47232,Ghana
2020-01-31,2020-01-31,1,0,Greece
2020-02-29,2020-02-29,2,4,Greece
2020-03-31,2020-03-31,3,1314,Greece
2020-04-30,2020-04-30,4,2591,Greece
2020-05-31,2020-05-31,5,2917,Greece
2020-06-30,2020-06-30,6,3409,Greece
2020-07-31,2020-07-31,7,4477,Greece
2020-08-31,2020-08-31,8,10317,Greece
2020-09-30,2020-09-30,9,18475,Greece
2020-10-31,2020-10-17,10,24932,Greece
2020-01-31,2020-01-31,1,0,Grenada
2020-02-29,2020-02-29,2,0,Grenada
2020-03-31,2020-03-31,3,9,Grenada
2020-04-30,2020-04-30,4,20,Grenada
2020-05-31,2020-05-31,5,23,Grenada
2020-06-30,2020-06-30,6,23,Grenada
2020-07-31,2020-07-31,7,24,Grenada
2020-08-31,2020-08-31,8,24,Grenada
2020-09-30,2020-09-30,9,24,Grenada
2020-10-31,2020-10-17,10,27,Grenada
2020-01-31,2020-01-31,1,0,Guatemala
2020-02-29,2020-02-29,2,0,Guatemala
2020-03-31,2020-03-31,3,38,Guatemala
2020-04-30,2020-04-30,4,599,Guatemala
2020-05-31,2020-05-31,5,5087,Guatemala
2020-06-30,2020-06-30,6,18096,Guatemala
2020-07-31,2020-07-31,7,49789,Guatemala
2020-08-31,2020-08-31,8,74074,Guatemala
2020-09-30,2020-09-30,9,91746,Guatemala
2020-10-31,2020-10-17,10,101028,Guatemala
2020-01-31,2020-01-31,1,0,Guinea
2020-02-29,2020-02-29,2,0,Guinea
2020-03-31,2020-03-31,3,22,Guinea
2020-04-30,2020-04-30,4,1495,Guinea
2020-05-31,2020-05-31,5,3706,Guinea
2020-06-30,2020-06-30,6,5391,Guinea
2020-07-31,2020-07-31,7,7308,Guinea
2020-08-31,2020-08-31,8,9409,Guinea
2020-09-30,2020-09-30,9,10652,Guinea
2020-10-31,2020-10-17,10,11478,Guinea
2020-01-31,2020-01-31,1,0,Guinea-Bissau
2020-02-29,2020-02-29,2,0,Guinea-Bissau
2020-03-31,2020-03-31,3,8,Guinea-Bissau
2020-04-30,2020-04-30,4,205,Guinea-Bissau
2020-05-31,2020-05-31,5,1256,Guinea-Bissau
2020-06-30,2020-06-30,6,1654,Guinea-Bissau
2020-07-31,2020-07-31,7,1981,Guinea-Bissau
2020-08-31,2020-08-31,8,2205,Guinea-Bissau
2020-09-30,2020-09-30,9,2324,Guinea-Bissau
2020-10-31,2020-10-17,10,2389,Guinea-Bissau
2020-01-31,2020-01-31,1,0,Guyana
2020-02-29,2020-02-29,2,0,Guyana
2020-03-31,2020-03-31,3,20,Guyana
2020-04-30,2020-04-30,4,82,Guyana
2020-05-31,2020-05-31,5,153,Guyana
2020-06-30,2020-06-30,6,245,Guyana
2020-07-31,2020-07-31,7,413,Guyana
2020-08-31,2020-08-31,8,1306,Guyana
2020-09-30,2020-09-30,9,2894,Guyana
2020-10-31,2020-10-17,10,3710,Guyana
2020-01-31,2020-01-31,1,0,Haiti
2020-02-29,2020-02-29,2,0,Haiti
2020-03-31,2020-03-31,3,15,Haiti
2020-04-30,2020-04-30,4,81,Haiti
2020-05-31,2020-05-31,5,2124,Haiti
2020-06-30,2020-06-30,6,5975,Haiti
2020-07-31,2020-07-31,7,7424,Haiti
2020-08-31,2020-08-31,8,8224,Haiti
2020-09-30,2020-09-30,9,8766,Haiti
2020-10-31,2020-10-17,10,8956,Haiti
2020-01-31,2020-01-31,1,0,Holy See
2020-02-29,2020-02-29,2,0,Holy See
2020-03-31,2020-03-31,3,6,Holy See
2020-04-30,2020-04-30,4,11,Holy See
2020-05-31,2020-05-31,5,12,Holy See
2020-06-30,2020-06-30,6,12,Holy See
2020-07-31,2020-07-31,7,12,Holy See
2020-08-31,2020-08-31,8,12,Holy See
2020-09-30,2020-09-30,9,12,Holy See
2020-10-31,2020-10-17,10,27,Holy See
2020-01-31,2020-01-31,1,0,Honduras
2020-02-29,2020-02-29,2,0,Honduras
2020-03-31,2020-03-31,3,141,Honduras
2020-04-30,2020-04-30,4,771,Honduras
2020-05-31,2020-05-31,5,5202,Honduras
2020-06-30,2020-06-30,6,19558,Honduras
2020-07-31,2020-07-31,7,42014,Honduras
2020-08-31,2020-08-31,8,61014,Honduras
2020-09-30,2020-09-30,9,76900,Honduras
2020-10-31,2020-10-17,10,87594,Honduras
2020-01-31,2020-01-31,1,0,Hungary
2020-02-29,2020-02-29,2,0,Hungary
2020-03-31,2020-03-31,3,492,Hungary
2020-04-30,2020-04-30,4,2775,Hungary
2020-05-31,2020-05-31,5,3876,Hungary
2020-06-30,2020-06-30,6,4155,Hungary
2020-07-31,2020-07-31,7,4505,Hungary
2020-08-31,2020-08-31,8,6139,Hungary
2020-09-30,2020-09-30,9,26461,Hungary
2020-10-31,2020-10-17,10,44816,Hungary
2020-01-31,2020-01-31,1,0,Iceland
2020-02-29,2020-02-29,2,1,Iceland
2020-03-31,2020-03-31,3,1135,Iceland
2020-04-30,2020-04-30,4,1797,Iceland
2020-05-31,2020-05-31,5,1806,Iceland
2020-06-30,2020-06-30,6,1824,Iceland
2020-07-31,2020-07-31,7,1885,Iceland
2020-08-31,2020-08-31,8,2107,Iceland
2020-09-30,2020-09-30,9,2728,Iceland
2020-10-31,2020-10-17,10,3998,Iceland
2020-01-31,2020-01-31,1,1,India
2020-02-29,2020-02-29,2,3,India
2020-03-31,2020-03-31,3,1397,India
2020-04-30,2020-04-30,4,34863,India
2020-05-31,2020-05-31,5,190609,India
2020-06-30,2020-06-30,6,585481,India
2020-07-31,2020-07-31,7,1695988,India
2020-08-31,2020-08-31,8,3691166,India
2020-09-30,2020-09-30,9,6312584,India
2020-10-31,2020-10-17,10,7494551,India
2020-01-31,2020-01-31,1,0,Indonesia
2020-02-29,2020-02-29,2,0,Indonesia
2020-03-31,2020-03-31,3,1528,Indonesia
2020-04-30,2020-04-30,4,10118,Indonesia
2020-05-31,2020-05-31,5,26473,Indonesia
2020-06-30,2020-06-30,6,56385,Indonesia
2020-07-31,2020-07-31,7,108376,Indonesia
2020-08-31,2020-08-31,8,174796,Indonesia
2020-09-30,2020-09-30,9,287008,Indonesia
2020-10-31,2020-10-17,10,357762,Indonesia
2020-01-31,2020-01-31,1,0,Iran
2020-02-29,2020-02-29,2,593,Iran
2020-03-31,2020-03-31,3,44605,Iran
2020-04-30,2020-04-30,4,94640,Iran
2020-05-31,2020-05-31,5,151466,Iran
2020-06-30,2020-06-30,6,227662,Iran
2020-07-31,2020-07-31,7,304204,Iran
2020-08-31,2020-08-31,8,375212,Iran
2020-09-30,2020-09-30,9,457219,Iran
2020-10-31,2020-10-17,10,526490,Iran
2020-01-31,2020-01-31,1,0,Iraq
2020-02-29,2020-02-29,2,13,Iraq
2020-03-31,2020-03-31,3,694,Iraq
2020-04-30,2020-04-30,4,2085,Iraq
2020-05-31,2020-05-31,5,6439,Iraq
2020-06-30,2020-06-30,6,49109,Iraq
2020-07-31,2020-07-31,7,124609,Iraq
2020-08-31,2020-08-31,8,234934,Iraq
2020-09-30,2020-09-30,9,362981,Iraq
2020-10-31,2020-10-17,10,423524,Iraq
2020-01-31,2020-01-31,1,0,Ireland
2020-02-29,2020-02-29,2,1,Ireland
2020-03-31,2020-03-31,3,3235,Ireland
2020-04-30,2020-04-30,4,20612,Ireland
2020-05-31,2020-05-31,5,24990,Ireland
2020-06-30,2020-06-30,6,25473,Ireland
2020-07-31,2020-07-31,7,26065,Ireland
2020-08-31,2020-08-31,8,28811,Ireland
2020-09-30,2020-09-30,9,36155,Ireland
2020-10-31,2020-10-17,10,48678,Ireland
2020-01-31,2020-01-31,1,0,Israel
2020-02-29,2020-02-29,2,7,Israel
2020-03-31,2020-03-31,3,5358,Israel
2020-04-30,2020-04-30,4,15946,Israel
2020-05-31,2020-05-31,5,17071,Israel
2020-06-30,2020-06-30,6,25244,Israel
2020-07-31,2020-07-31,7,70970,Israel
2020-08-31,2020-08-31,8,116596,Israel
2020-09-30,2020-09-30,9,245494,Israel
2020-10-31,2020-10-17,10,302770,Israel
2020-01-31,2020-01-31,1,2,Italy
2020-02-29,2020-02-29,2,1128,Italy
2020-03-31,2020-03-31,3,105792,Italy
2020-04-30,2020-04-30,4,205463,Italy
2020-05-31,2020-05-31,5,232997,Italy
2020-06-30,2020-06-30,6,240578,Italy
2020-07-31,2020-07-31,7,247537,Italy
2020-08-31,2020-08-31,8,269214,Italy
2020-09-30,2020-09-30,9,314861,Italy
2020-10-31,2020-10-17,10,402536,Italy
2020-01-31,2020-01-31,1,0,Jamaica
2020-02-29,2020-02-29,2,0,Jamaica
2020-03-31,2020-03-31,3,36,Jamaica
2020-04-30,2020-04-30,4,422,Jamaica
2020-05-31,2020-05-31,5,586,Jamaica
2020-06-30,2020-06-30,6,702,Jamaica
2020-07-31,2020-07-31,7,878,Jamaica
2020-08-31,2020-08-31,8,2459,Jamaica
2020-09-30,2020-09-30,9,6482,Jamaica
2020-10-31,2020-10-17,10,8195,Jamaica
2020-01-31,2020-01-31,1,15,Japan
2020-02-29,2020-02-29,2,245,Japan
2020-03-31,2020-03-31,3,2255,Japan
2020-04-30,2020-04-30,4,14284,Japan
2020-05-31,2020-05-31,5,16751,Japan
2020-06-30,2020-06-30,6,18615,Japan
2020-07-31,2020-07-31,7,36234,Japan
2020-08-31,2020-08-31,8,68396,Japan
2020-09-30,2020-09-30,9,83591,Japan
2020-10-31,2020-10-17,10,92670,Japan
2020-01-31,2020-01-31,1,0,Jordan
2020-02-29,2020-02-29,2,0,Jordan
2020-03-31,2020-03-31,3,274,Jordan
2020-04-30,2020-04-30,4,453,Jordan
2020-05-31,2020-05-31,5,739,Jordan
2020-06-30,2020-06-30,6,1132,Jordan
2020-07-31,2020-07-31,7,1223,Jordan
2020-08-31,2020-08-31,8,2034,Jordan
2020-09-30,2020-09-30,9,11825,Jordan
2020-10-31,2020-10-17,10,36053,Jordan
2020-01-31,2020-01-31,1,0,Kazakhstan
2020-02-29,2020-02-29,2,0,Kazakhstan
2020-03-31,2020-03-31,3,343,Kazakhstan
2020-04-30,2020-04-30,4,3402,Kazakhstan
2020-05-31,2020-05-31,5,10858,Kazakhstan
2020-06-30,2020-06-30,6,22308,Kazakhstan
2020-07-31,2020-07-31,7,90367,Kazakhstan
2020-08-31,2020-08-31,8,105872,Kazakhstan
2020-09-30,2020-09-30,9,107979,Kazakhstan
2020-10-31,2020-10-17,10,109406,Kazakhstan
2020-01-31,2020-01-31,1,0,Kenya
2020-02-29,2020-02-29,2,0,Kenya
2020-03-31,2020-03-31,3,59,Kenya
2020-04-30,2020-04-30,4,396,Kenya
2020-05-31,2020-05-31,5,1962,Kenya
2020-06-30,2020-06-30,6,6366,Kenya
2020-07-31,2020-07-31,7,20636,Kenya
2020-08-31,2020-08-31,8,34201,Kenya
2020-09-30,2020-09-30,9,38529,Kenya
2020-10-31,2020-10-17,10,44196,Kenya
2020-01-31,2020-01-31,1,11,"Korea, South"
2020-02-29,2020-02-29,2,3150,"Korea, South"
2020-03-31,2020-03-31,3,9786,"Korea, South"
2020-04-30,2020-04-30,4,10774,"Korea, South"
2020-05-31,2020-05-31,5,11503,"Korea, South"
2020-06-30,2020-06-30,6,12850,"Korea, South"
2020-07-31,2020-07-31,7,14336,"Korea, South"
2020-08-31,2020-08-31,8,20182,"Korea, South"
2020-09-30,2020-09-30,9,23889,"Korea, South"
2020-10-31,2020-10-17,10,25199,"Korea, South"
2020-01-31,2020-01-31,1,0,Kosovo
2020-02-29,2020-02-29,2,0,Kosovo
2020-03-31,2020-03-31,3,106,Kosovo
2020-04-30,2020-04-30,4,799,Kosovo
2020-05-31,2020-05-31,5,1070,Kosovo
2020-06-30,2020-06-30,6,2799,Kosovo
2020-07-31,2020-07-31,7,8330,Kosovo
2020-08-31,2020-08-31,8,13454,Kosovo
2020-09-30,2020-09-30,9,15620,Kosovo
2020-10-31,2020-10-17,10,16606,Kosovo
2020-01-31,2020-01-31,1,0,Kuwait
2020-02-29,2020-02-29,2,45,Kuwait
2020-03-31,2020-03-31,3,289,Kuwait
2020-04-30,2020-04-30,4,4024,Kuwait
2020-05-31,2020-05-31,5,27043,Kuwait
2020-06-30,2020-06-30,6,46195,Kuwait
2020-07-31,2020-07-31,7,66957,Kuwait
2020-08-31,2020-08-31,8,85109,Kuwait
2020-09-30,2020-09-30,9,105182,Kuwait
2020-10-31,2020-10-17,10,115483,Kuwait
2020-01-31,2020-01-31,1,0,Kyrgyzstan
2020-02-29,2020-02-29,2,0,Kyrgyzstan
2020-03-31,2020-03-31,3,107,Kyrgyzstan
2020-04-30,2020-04-30,4,746,Kyrgyzstan
2020-05-31,2020-05-31,5,1748,Kyrgyzstan
2020-06-30,2020-06-30,6,5506,Kyrgyzstan
2020-07-31,2020-07-31,7,35805,Kyrgyzstan
2020-08-31,2020-08-31,8,43898,Kyrgyzstan
2020-09-30,2020-09-30,9,46669,Kyrgyzstan
2020-10-31,2020-10-17,10,51490,Kyrgyzstan
2020-01-31,2020-01-31,1,0,Laos
2020-02-29,2020-02-29,2,0,Laos
2020-03-31,2020-03-31,3,9,Laos
2020-04-30,2020-04-30,4,19,Laos
2020-05-31,2020-05-31,5,19,Laos
2020-06-30,2020-06-30,6,19,Laos
2020-07-31,2020-07-31,7,20,Laos
2020-08-31,2020-08-31,8,22,Laos
2020-09-30,2020-09-30,9,23,Laos
2020-10-31,2020-10-17,10,23,Laos
2020-01-31,2020-01-31,1,0,Latvia
2020-02-29,2020-02-29,2,0,Latvia
2020-03-31,2020-03-31,3,398,Latvia
2020-04-30,2020-04-30,4,858,Latvia
2020-05-31,2020-05-31,5,1066,Latvia
2020-06-30,2020-06-30,6,1118,Latvia
2020-07-31,2020-07-31,7,1231,Latvia
2020-08-31,2020-08-31,8,1396,Latvia
2020-09-30,2020-09-30,9,1824,Latvia
2020-10-31,2020-10-17,10,3392,Latvia
2020-01-31,2020-01-31,1,0,Lebanon
2020-02-29,2020-02-29,2,4,Lebanon
2020-03-31,2020-03-31,3,470,Lebanon
2020-04-30,2020-04-30,4,725,Lebanon
2020-05-31,2020-05-31,5,1220,Lebanon
2020-06-30,2020-06-30,6,1778,Lebanon
2020-07-31,2020-07-31,7,4555,Lebanon
2020-08-31,2020-08-31,8,17308,Lebanon
2020-09-30,2020-09-30,9,39634,Lebanon
2020-10-31,2020-10-17,10,61284,Lebanon
2020-01-31,2020-01-31,1,0,Lesotho
2020-02-29,2020-02-29,2,0,Lesotho
2020-03-31,2020-03-31,3,0,Lesotho
2020-04-30,2020-04-30,4,0,Lesotho
2020-05-31,2020-05-31,5,2,Lesotho
2020-06-30,2020-06-30,6,27,Lesotho
2020-07-31,2020-07-31,7,604,Lesotho
2020-08-31,2020-08-31,8,1085,Lesotho
2020-09-30,2020-09-30,9,1595,Lesotho
2020-10-31,2020-10-17,10,1833,Lesotho
2020-01-31,2020-01-31,1,0,Liberia
2020-02-29,2020-02-29,2,0,Liberia
2020-03-31,2020-03-31,3,3,Liberia
2020-04-30,2020-04-30,4,141,Liberia
2020-05-31,2020-05-31,5,288,Liberia
2020-06-30,2020-06-30,6,780,Liberia
2020-07-31,2020-07-31,7,1186,Liberia
2020-08-31,2020-08-31,8,1304,Liberia
2020-09-30,2020-09-30,9,1343,Liberia
2020-10-31,2020-10-17,10,1377,Liberia
2020-01-31,2020-01-31,1,0,Libya
2020-02-29,2020-02-29,2,0,Libya
2020-03-31,2020-03-31,3,10,Libya
2020-04-30,2020-04-30,4,61,Libya
2020-05-31,2020-05-31,5,156,Libya
2020-06-30,2020-06-30,6,824,Libya
2020-07-31,2020-07-31,7,3621,Libya
2020-08-31,2020-08-31,8,13966,Libya
2020-09-30,2020-09-30,9,34525,Libya
2020-10-31,2020-10-17,10,47845,Libya
2020-01-31,2020-01-31,1,0,Liechtenstein
2020-02-29,2020-02-29,2,0,Liechtenstein
2020-03-31,2020-03-31,3,68,Liechtenstein
2020-04-30,2020-04-30,4,82,Liechtenstein
2020-05-31,2020-05-31,5,82,Liechtenstein
2020-06-30,2020-06-30,6,82,Liechtenstein
2020-07-31,2020-07-31,7,88,Liechtenstein
2020-08-31,2020-08-31,8,107,Liechtenstein
2020-09-30,2020-09-30,9,118,Liechtenstein
2020-10-31,2020-10-17,10,217,Liechtenstein
2020-01-31,2020-01-31,1,0,Lithuania
2020-02-29,2020-02-29,2,1,Lithuania
2020-03-31,2020-03-31,3,537,Lithuania
2020-04-30,2020-04-30,4,1449,Lithuania
2020-05-31,2020-05-31,5,1675,Lithuania
2020-06-30,2020-06-30,6,1817,Lithuania
2020-07-31,2020-07-31,7,2075,Lithuania
2020-08-31,2020-08-31,8,2906,Lithuania
2020-09-30,2020-09-30,9,4693,Lithuania
2020-10-31,2020-10-17,10,7269,Lithuania
2020-01-31,2020-01-31,1,0,Luxembourg
2020-02-29,2020-02-29,2,1,Luxembourg
2020-03-31,2020-03-31,3,2178,Luxembourg
2020-04-30,2020-04-30,4,3784,Luxembourg
2020-05-31,2020-05-31,5,4018,Luxembourg
2020-06-30,2020-06-30,6,4299,Luxembourg
2020-07-31,2020-07-31,7,6695,Luxembourg
2020-08-31,2020-08-31,8,7928,Luxembourg
2020-09-30,2020-09-30,9,8509,Luxembourg
2020-10-31,2020-10-17,10,10471,Luxembourg
2020-01-31,2020-01-31,1,0,MS Zaandam
2020-02-29,2020-02-29,2,0,MS Zaandam
2020-03-31,2020-03-31,3,2,MS Zaandam
2020-04-30,2020-04-30,4,9,MS Zaandam
2020-05-31,2020-05-31,5,9,MS Zaandam
2020-06-30,2020-06-30,6,9,MS Zaandam
2020-07-31,2020-07-31,7,9,MS Zaandam
2020-08-31,2020-08-31,8,9,MS Zaandam
2020-09-30,2020-09-30,9,9,MS Zaandam
2020-10-31,2020-10-17,10,9,MS Zaandam
2020-01-31,2020-01-31,1,0,Madagascar
2020-02-29,2020-02-29,2,0,Madagascar
2020-03-31,2020-03-31,3,57,Madagascar
2020-04-30,2020-04-30,4,128,Madagascar
2020-05-31,2020-05-31,5,771,Madagascar
2020-06-30,2020-06-30,6,2214,Madagascar
2020-07-31,2020-07-31,7,10868,Madagascar
2020-08-31,2020-08-31,8,14863,Madagascar
2020-09-30,2020-09-30,9,16408,Madagascar
2020-10-31,2020-10-17,10,16810,Madagascar
2020-01-31,2020-01-31,1,0,Malawi
2020-02-29,2020-02-29,2,0,Malawi
2020-03-31,2020-03-31,3,0,Malawi
2020-04-30,2020-04-30,4,37,Malawi
2020-05-31,2020-05-31,5,284,Malawi
2020-06-30,2020-06-30,6,1224,Malawi
2020-07-31,2020-07-31,7,4078,Malawi
2020-08-31,2020-08-31,8,5566,Malawi
2020-09-30,2020-09-30,9,5773,Malawi
2020-10-31,2020-10-17,10,5852,Malawi
2020-01-31,2020-01-31,1,8,Malaysia
2020-02-29,2020-02-29,2,25,Malaysia
2020-03-31,2020-03-31,3,2766,Malaysia
2020-04-30,2020-04-30,4,6002,Malaysia
2020-05-31,2020-05-31,5,7819,Malaysia
2020-06-30,2020-06-30,6,8639,Malaysia
2020-07-31,2020-07-31,7,8976,Malaysia
2020-08-31,2020-08-31,8,9340,Malaysia
2020-09-30,2020-09-30,9,11224,Malaysia
2020-10-31,2020-10-17,10,19627,Malaysia
2020-01-31,2020-01-31,1,0,Maldives
2020-02-29,2020-02-29,2,0,Maldives
2020-03-31,2020-03-31,3,18,Maldives
2020-04-30,2020-04-30,4,468,Maldives
2020-05-31,2020-05-31,5,1773,Maldives
2020-06-30,2020-06-30,6,2361,Maldives
2020-07-31,2020-07-31,7,3793,Maldives
2020-08-31,2020-08-31,8,7804,Maldives
2020-09-30,2020-09-30,9,10291,Maldives
2020-10-31,2020-10-17,10,11178,Maldives
2020-01-31,2020-01-31,1,0,Mali
2020-02-29,2020-02-29,2,0,Mali
2020-03-31,2020-03-31,3,28,Mali
2020-04-30,2020-04-30,4,490,Mali
2020-05-31,2020-05-31,5,1265,Mali
2020-06-30,2020-06-30,6,2181,Mali
2020-07-31,2020-07-31,7,2535,Mali
2020-08-31,2020-08-31,8,2776,Mali
2020-09-30,2020-09-30,9,3118,Mali
2020-10-31,2020-10-17,10,3379,Mali
2020-01-31,2020-01-31,1,0,Malta
2020-02-29,2020-02-29,2,0,Malta
2020-03-31,2020-03-31,3,169,Malta
2020-04-30,2020-04-30,4,465,Malta
2020-05-31,2020-05-31,5,618,Malta
2020-06-30,2020-06-30,6,670,Malta
2020-07-31,2020-07-31,7,824,Malta
2020-08-31,2020-08-31,8,1883,Malta
2020-09-30,2020-09-30,9,3058,Malta
2020-10-31,2020-10-17,10,4486,Malta
2020-01-31,2020-01-31,1,0,Mauritania
2020-02-29,2020-02-29,2,0,Mauritania
2020-03-31,2020-03-31,3,6,Mauritania
2020-04-30,2020-04-30,4,8,Mauritania
2020-05-31,2020-05-31,5,530,Mauritania
2020-06-30,2020-06-30,6,4363,Mauritania
2020-07-31,2020-07-31,7,6310,Mauritania
2020-08-31,2020-08-31,8,7048,Mauritania
2020-09-30,2020-09-30,9,7502,Mauritania
2020-10-31,2020-10-17,10,7607,Mauritania
2020-01-31,2020-01-31,1,0,Mauritius
2020-02-29,2020-02-29,2,0,Mauritius
2020-03-31,2020-03-31,3,143,Mauritius
2020-04-30,2020-04-30,4,334,Mauritius
2020-05-31,2020-05-31,5,335,Mauritius
2020-06-30,2020-06-30,6,341,Mauritius
2020-07-31,2020-07-31,7,344,Mauritius
2020-08-31,2020-08-31,8,356,Mauritius
2020-09-30,2020-09-30,9,381,Mauritius
2020-10-31,2020-10-17,10,417,Mauritius
2020-01-31,2020-01-31,1,0,Mexico
2020-02-29,2020-02-29,2,4,Mexico
2020-03-31,2020-03-31,3,1215,Mexico
2020-04-30,2020-04-30,4,19224,Mexico
2020-05-31,2020-05-31,5,90664,Mexico
2020-06-30,2020-06-30,6,226089,Mexico
2020-07-31,2020-07-31,7,424637,Mexico
2020-08-31,2020-08-31,8,599560,Mexico
2020-09-30,2020-09-30,9,743216,Mexico
2020-10-31,2020-10-17,10,847108,Mexico
2020-01-31,2020-01-31,1,0,Moldova
2020-02-29,2020-02-29,2,0,Moldova
2020-03-31,2020-03-31,3,353,Moldova
2020-04-30,2020-04-30,4,3897,Moldova
2020-05-31,2020-05-31,5,8251,Moldova
2020-06-30,2020-06-30,6,16613,Moldova
2020-07-31,2020-07-31,7,24733,Moldova
2020-08-31,2020-08-31,8,36920,Moldova
2020-09-30,2020-09-30,9,53042,Moldova
2020-10-31,2020-10-17,10,66652,Moldova
2020-01-31,2020-01-31,1,0,Monaco
2020-02-29,2020-02-29,2,1,Monaco
2020-03-31,2020-03-31,3,52,Monaco
2020-04-30,2020-04-30,4,95,Monaco
2020-05-31,2020-05-31,5,99,Monaco
2020-06-30,2020-06-30,6,103,Monaco
2020-07-31,2020-07-31,7,120,Monaco
2020-08-31,2020-08-31,8,154,Monaco
2020-09-30,2020-09-30,9,218,Monaco
2020-10-31,2020-10-17,10,260,Monaco
2020-01-31,2020-01-31,1,0,Mongolia
2020-02-29,2020-02-29,2,0,Mongolia
2020-03-31,2020-03-31,3,12,Mongolia
2020-04-30,2020-04-30,4,38,Mongolia
2020-05-31,2020-05-31,5,179,Mongolia
2020-06-30,2020-06-30,6,220,Mongolia
2020-07-31,2020-07-31,7,291,Mongolia
2020-08-31,2020-08-31,8,304,Mongolia
2020-09-30,2020-09-30,9,313,Mongolia
2020-10-31,2020-10-17,10,320,Mongolia
2020-01-31,2020-01-31,1,0,Montenegro
2020-02-29,2020-02-29,2,0,Montenegro
2020-03-31,2020-03-31,3,109,Montenegro
2020-04-30,2020-04-30,4,322,Montenegro
2020-05-31,2020-05-31,5,324,Montenegro
2020-06-30,2020-06-30,6,548,Montenegro
2020-07-31,2020-07-31,7,3073,Montenegro
2020-08-31,2020-08-31,8,4835,Montenegro
2020-09-30,2020-09-30,9,10772,Montenegro
2020-10-31,2020-10-17,10,15427,Montenegro
2020-01-31,2020-01-31,1,0,Morocco
2020-02-29,2020-02-29,2,0,Morocco
2020-03-31,2020-03-31,3,617,Morocco
2020-04-30,2020-04-30,4,4423,Morocco
2020-05-31,2020-05-31,5,7807,Morocco
2020-06-30,2020-06-30,6,12533,Morocco
2020-07-31,2020-07-31,7,24322,Morocco
2020-08-31,2020-08-31,8,62590,Morocco
2020-09-30,2020-09-30,9,123653,Morocco
2020-10-31,2020-10-17,10,170911,Morocco
2020-01-31,2020-01-31,1,0,Mozambique
2020-02-29,2020-02-29,2,0,Mozambique
2020-03-31,2020-03-31,3,8,Mozambique
2020-04-30,2020-04-30,4,76,Mozambique
2020-05-31,2020-05-31,5,254,Mozambique
2020-06-30,2020-06-30,6,889,Mozambique
2020-07-31,2020-07-31,7,1864,Mozambique
2020-08-31,2020-08-31,8,3916,Mozambique
2020-09-30,2020-09-30,9,8728,Mozambique
2020-10-31,2020-10-17,10,10707,Mozambique
2020-01-31,2020-01-31,1,0,Namibia
2020-02-29,2020-02-29,2,0,Namibia
2020-03-31,2020-03-31,3,11,Namibia
2020-04-30,2020-04-30,4,16,Namibia
2020-05-31,2020-05-31,5,24,Namibia
2020-06-30,2020-06-30,6,205,Namibia
2020-07-31,2020-07-31,7,2129,Namibia
2020-08-31,2020-08-31,8,7550,Namibia
2020-09-30,2020-09-30,9,11265,Namibia
2020-10-31,2020-10-17,10,12263,Namibia
2020-01-31,2020-01-31,1,1,Nepal
2020-02-29,2020-02-29,2,1,Nepal
2020-03-31,2020-03-31,3,5,Nepal
2020-04-30,2020-04-30,4,57,Nepal
2020-05-31,2020-05-31,5,1572,Nepal
2020-06-30,2020-06-30,6,13564,Nepal
2020-07-31,2020-07-31,7,19771,Nepal
2020-08-31,2020-08-31,8,39460,Nepal
2020-09-30,2020-09-30,9,77817,Nepal
2020-10-31,2020-10-17,10,129304,Nepal
2020-01-31,2020-01-31,1,0,Netherlands
2020-02-29,2020-02-29,2,6,Netherlands
2020-03-31,2020-03-31,3,12667,Netherlands
2020-04-30,2020-04-30,4,39512,Netherlands
2020-05-31,2020-05-31,5,46645,Netherlands
2020-06-30,2020-06-30,6,50483,Netherlands
2020-07-31,2020-07-31,7,54590,Netherlands
2020-08-31,2020-08-31,8,73232,Netherlands
2020-09-30,2020-09-30,9,125988,Netherlands
2020-10-31,2020-10-17,10,225970,Netherlands
2020-01-31,2020-01-31,1,0,New Zealand
2020-02-29,2020-02-29,2,1,New Zealand
2020-03-31,2020-03-31,3,647,New Zealand
2020-04-30,2020-04-30,4,1479,New Zealand
2020-05-31,2020-05-31,5,1504,New Zealand
2020-06-30,2020-06-30,6,1528,New Zealand
2020-07-31,2020-07-31,7,1562,New Zealand
2020-08-31,2020-08-31,8,1752,New Zealand
2020-09-30,2020-09-30,9,1848,New Zealand
2020-10-31,2020-10-17,10,1886,New Zealand
2020-01-31,2020-01-31,1,0,Nicaragua
2020-02-29,2020-02-29,2,0,Nicaragua
2020-03-31,2020-03-31,3,5,Nicaragua
2020-04-30,2020-04-30,4,14,Nicaragua
2020-05-31,2020-05-31,5,759,Nicaragua
2020-06-30,2020-06-30,6,2519,Nicaragua
2020-07-31,2020-07-31,7,3672,Nicaragua
2020-08-31,2020-08-31,8,4494,Nicaragua
2020-09-30,2020-09-30,9,5170,Nicaragua
2020-10-31,2020-10-17,10,5353,Nicaragua
2020-01-31,2020-01-31,1,0,Niger
2020-02-29,2020-02-29,2,0,Niger
2020-03-31,2020-03-31,3,27,Niger
2020-04-30,2020-04-30,4,719,Niger
2020-05-31,2020-05-31,5,958,Niger
2020-06-30,2020-06-30,6,1075,Niger
2020-07-31,2020-07-31,7,1136,Niger
2020-08-31,2020-08-31,8,1176,Niger
2020-09-30,2020-09-30,9,1197,Niger
2020-10-31,2020-10-17,10,1209,Niger
2020-01-31,2020-01-31,1,0,Nigeria
2020-02-29,2020-02-29,2,1,Nigeria
2020-03-31,2020-03-31,3,135,Nigeria
2020-04-30,2020-04-30,4,1932,Nigeria
2020-05-31,2020-05-31,5,10162,Nigeria
2020-06-30,2020-06-30,6,25694,Nigeria
2020-07-31,2020-07-31,7,43151,Nigeria
2020-08-31,2020-08-31,8,54008,Nigeria
2020-09-30,2020-09-30,9,58848,Nigeria
2020-10-31,2020-10-17,10,61307,Nigeria
2020-01-31,2020-01-31,1,0,North Macedonia
2020-02-29,2020-02-29,2,1,North Macedonia
2020-03-31,2020-03-31,3,329,North Macedonia
2020-04-30,2020-04-30,4,1465,North Macedonia
2020-05-31,2020-05-31,5,2226,North Macedonia
2020-06-30,2020-06-30,6,6334,North Macedonia
2020-07-31,2020-07-31,7,10754,North Macedonia
2020-08-31,2020-08-31,8,14341,North Macedonia
2020-09-30,2020-09-30,9,17977,North Macedonia
2020-10-31,2020-10-17,10,23201,North Macedonia
2020-01-31,2020-01-31,1,0,Norway
2020-02-29,2020-02-29,2,15,Norway
2020-03-31,2020-03-31,3,4641,Norway
2020-04-30,2020-04-30,4,7738,Norway
2020-05-31,2020-05-31,5,8440,Norway
2020-06-30,2020-06-30,6,8879,Norway
2020-07-31,2020-07-31,7,9240,Norway
2020-08-31,2020-08-31,8,10782,Norway
2020-09-30,2020-09-30,9,14027,Norway
2020-10-31,2020-10-17,10,16369,Norway
2020-01-31,2020-01-31,1,0,Oman
2020-02-29,2020-02-29,2,6,Oman
2020-03-31,2020-03-31,3,192,Oman
2020-04-30,2020-04-30,4,2348,Oman
2020-05-31,2020-05-31,5,11437,Oman
2020-06-30,2020-06-30,6,40070,Oman
2020-07-31,2020-07-31,7,79159,Oman
2020-08-31,2020-08-31,8,85722,Oman
2020-09-30,2020-09-30,9,98585,Oman
2020-10-31,2020-10-17,10,108296,Oman
2020-01-31,2020-01-31,1,0,Pakistan
2020-02-29,2020-02-29,2,4,Pakistan
2020-03-31,2020-03-31,3,2118,Pakistan
2020-04-30,2020-04-30,4,18114,Pakistan
2020-05-31,2020-05-31,5,72460,Pakistan
2020-06-30,2020-06-30,6,213470,Pakistan
2020-07-31,2020-07-31,7,278305,Pakistan
2020-08-31,2020-08-31,8,295849,Pakistan
2020-09-30,2020-09-30,9,312806,Pakistan
2020-10-31,2020-10-17,10,323019,Pakistan
2020-01-31,2020-01-31,1,0,Panama
2020-02-29,2020-02-29,2,0,Panama
2020-03-31,2020-03-31,3,1181,Panama
2020-04-30,2020-04-30,4,6532,Panama
2020-05-31,2020-05-31,5,13463,Panama
2020-06-30,2020-06-30,6,33550,Panama
2020-07-31,2020-07-31,7,65256,Panama
2020-08-31,2020-08-31,8,92982,Panama
2020-09-30,2020-09-30,9,112595,Panama
2020-10-31,2020-10-17,10,124107,Panama
2020-01-31,2020-01-31,1,0,Papua New Guinea
2020-02-29,2020-02-29,2,0,Papua New Guinea
2020-03-31,2020-03-31,3,1,Papua New Guinea
2020-04-30,2020-04-30,4,8,Papua New Guinea
2020-05-31,2020-05-31,5,8,Papua New Guinea
2020-06-30,2020-06-30,6,11,Papua New Guinea
2020-07-31,2020-07-31,7,72,Papua New Guinea
2020-08-31,2020-08-31,8,459,Papua New Guinea
2020-09-30,2020-09-30,9,534,Papua New Guinea
2020-10-31,2020-10-17,10,581,Papua New Guinea
2020-01-31,2020-01-31,1,0,Paraguay
2020-02-29,2020-02-29,2,0,Paraguay
2020-03-31,2020-03-31,3,65,Paraguay
2020-04-30,2020-04-30,4,266,Paraguay
2020-05-31,2020-05-31,5,986,Paraguay
2020-06-30,2020-06-30,6,2221,Paraguay
2020-07-31,2020-07-31,7,5338,Paraguay
2020-08-31,2020-08-31,8,17662,Paraguay
2020-09-30,2020-09-30,9,40758,Paraguay
2020-10-31,2020-10-17,10,54015,Paraguay
2020-01-31,2020-01-31,1,0,Peru
2020-02-29,2020-02-29,2,0,Peru
2020-03-31,2020-03-31,3,1065,Peru
2020-04-30,2020-04-30,4,36976,Peru
2020-05-31,2020-05-31,5,164476,Peru
2020-06-30,2020-06-30,6,285213,Peru
2020-07-31,2020-07-31,7,407492,Peru
2020-08-31,2020-08-31,8,647166,Peru
2020-09-30,2020-09-30,9,811768,Peru
2020-10-31,2020-10-17,10,862417,Peru
2020-01-31,2020-01-31,1,1,Philippines
2020-02-29,2020-02-29,2,3,Philippines
2020-03-31,2020-03-31,3,2084,Philippines
2020-04-30,2020-04-30,4,8488,Philippines
2020-05-31,2020-05-31,5,18086,Philippines
2020-06-30,2020-06-30,6,37514,Philippines
2020-07-31,2020-07-31,7,93354,Philippines
2020-08-31,2020-08-31,8,220819,Philippines
2020-09-30,2020-09-30,9,311694,Philippines
2020-10-31,2020-10-17,10,354338,Philippines
2020-01-31,2020-01-31,1,0,Poland
2020-02-29,2020-02-29,2,0,Poland
2020-03-31,2020-03-31,3,2311,Poland
2020-04-30,2020-04-30,4,12877,Poland
2020-05-31,2020-05-31,5,23786,Poland
2020-06-30,2020-06-30,6,34393,Poland
2020-07-31,2020-07-31,7,45688,Poland
2020-08-31,2020-08-31,8,67372,Poland
2020-09-30,2020-09-30,9,91514,Poland
2020-10-31,2020-10-17,10,167230,Poland
2020-01-31,2020-01-31,1,0,Portugal
2020-02-29,2020-02-29,2,0,Portugal
2020-03-31,2020-03-31,3,7443,Portugal
2020-04-30,2020-04-30,4,25045,Portugal
2020-05-31,2020-05-31,5,32500,Portugal
2020-06-30,2020-06-30,6,42141,Portugal
2020-07-31,2020-07-31,7,51072,Portugal
2020-08-31,2020-08-31,8,58012,Portugal
2020-09-30,2020-09-30,9,75542,Portugal
2020-10-31,2020-10-17,10,98055,Portugal
2020-01-31,2020-01-31,1,0,Qatar
2020-02-29,2020-02-29,2,1,Qatar
2020-03-31,2020-03-31,3,781,Qatar
2020-04-30,2020-04-30,4,13409,Qatar
2020-05-31,2020-05-31,5,56910,Qatar
2020-06-30,2020-06-30,6,96088,Qatar
2020-07-31,2020-07-31,7,110695,Qatar
2020-08-31,2020-08-31,8,118778,Qatar
2020-09-30,2020-09-30,9,125760,Qatar
2020-10-31,2020-10-17,10,129227,Qatar
2020-01-31,2020-01-31,1,0,Romania
2020-02-29,2020-02-29,2,3,Romania
2020-03-31,2020-03-31,3,2245,Romania
2020-04-30,2020-04-30,4,12240,Romania
2020-05-31,2020-05-31,5,19257,Romania
2020-06-30,2020-06-30,6,26970,Romania
2020-07-31,2020-07-31,7,50886,Romania
2020-08-31,2020-08-31,8,87540,Romania
2020-09-30,2020-09-30,9,127572,Romania
2020-10-31,2020-10-17,10,176468,Romania
2020-01-31,2020-01-31,1,2,Russia
2020-02-29,2020-02-29,2,2,Russia
2020-03-31,2020-03-31,3,2337,Russia
2020-04-30,2020-04-30,4,106498,Russia
2020-05-31,2020-05-31,5,405843,Russia
2020-06-30,2020-06-30,6,646929,Russia
2020-07-31,2020-07-31,7,838461,Russia
2020-08-31,2020-08-31,8,992402,Russia
2020-09-30,2020-09-30,9,1170799,Russia
2020-10-31,2020-10-17,10,1376020,Russia
2020-01-31,2020-01-31,1,0,Rwanda
2020-02-29,2020-02-29,2,0,Rwanda
2020-03-31,2020-03-31,3,75,Rwanda
2020-04-30,2020-04-30,4,243,Rwanda
2020-05-31,2020-05-31,5,370,Rwanda
2020-06-30,2020-06-30,6,1025,Rwanda
2020-07-31,2020-07-31,7,2022,Rwanda
2020-08-31,2020-08-31,8,4063,Rwanda
2020-09-30,2020-09-30,9,4840,Rwanda
2020-10-31,2020-10-17,10,4971,Rwanda
2020-01-31,2020-01-31,1,0,Saint Kitts and Nevis
2020-02-29,2020-02-29,2,0,Saint Kitts and Nevis
2020-03-31,2020-03-31,3,8,Saint Kitts and Nevis
2020-04-30,2020-04-30,4,15,Saint Kitts and Nevis
2020-05-31,2020-05-31,5,15,Saint Kitts and Nevis
2020-06-30,2020-06-30,6,15,Saint Kitts and Nevis
2020-07-31,2020-07-31,7,17,Saint Kitts and Nevis
2020-08-31,2020-08-31,8,17,Saint Kitts and Nevis
2020-09-30,2020-09-30,9,19,Saint Kitts and Nevis
2020-10-31,2020-10-17,10,19,Saint Kitts and Nevis
2020-01-31,2020-01-31,1,0,Saint Lucia
2020-02-29,2020-02-29,2,0,Saint Lucia
2020-03-31,2020-03-31,3,13,Saint Lucia
2020-04-30,2020-04-30,4,17,Saint Lucia
2020-05-31,2020-05-31,5,18,Saint Lucia
2020-06-30,2020-06-30,6,19,Saint Lucia
2020-07-31,2020-07-31,7,25,Saint Lucia
2020-08-31,2020-08-31,8,26,Saint Lucia
2020-09-30,2020-09-30,9,27,Saint Lucia
2020-10-31,2020-10-17,10,33,Saint Lucia
2020-01-31,2020-01-31,1,0,Saint Vincent and the Grenadines
2020-02-29,2020-02-29,2,0,Saint Vincent and the Grenadines
2020-03-31,2020-03-31,3,1,Saint Vincent and the Grenadines
2020-04-30,2020-04-30,4,16,Saint Vincent and the Grenadines
2020-05-31,2020-05-31,5,26,Saint Vincent and the Grenadines
2020-06-30,2020-06-30,6,29,Saint Vincent and the Grenadines
2020-07-31,2020-07-31,7,54,Saint Vincent and the Grenadines
2020-08-31,2020-08-31,8,60,Saint Vincent and the Grenadines
2020-09-30,2020-09-30,9,64,Saint Vincent and the Grenadines
2020-10-31,2020-10-17,10,67,Saint Vincent and the Grenadines
2020-01-31,2020-01-31,1,0,San Marino
2020-02-29,2020-02-29,2,1,San Marino
2020-03-31,2020-03-31,3,236,San Marino
2020-04-30,2020-04-30,4,569,San Marino
2020-05-31,2020-05-31,5,671,San Marino
2020-06-30,2020-06-30,6,698,San Marino
2020-07-31,2020-07-31,7,699,San Marino
2020-08-31,2020-08-31,8,715,San Marino
2020-09-30,2020-09-30,9,735,San Marino
2020-10-31,2020-10-17,10,759,San Marino
2020-01-31,2020-01-31,1,0,Sao Tome and Principe
2020-02-29,2020-02-29,2,0,Sao Tome and Principe
2020-03-31,2020-03-31,3,0,Sao Tome and Principe
2020-04-30,2020-04-30,4,14,Sao Tome and Principe
2020-05-31,2020-05-31,5,483,Sao Tome and Principe
2020-06-30,2020-06-30,6,714,Sao Tome and Principe
2020-07-31,2020-07-31,7,871,Sao Tome and Principe
2020-08-31,2020-08-31,8,896,Sao Tome and Principe
2020-09-30,2020-09-30,9,911,Sao Tome and Principe
2020-10-31,2020-10-17,10,932,Sao Tome and Principe
2020-01-31,2020-01-31,1,0,Saudi Arabia
2020-02-29,2020-02-29,2,0,Saudi Arabia
2020-03-31,2020-03-31,3,1563,Saudi Arabia
2020-04-30,2020-04-30,4,22753,Saudi Arabia
2020-05-31,2020-05-31,5,85261,Saudi Arabia
2020-06-30,2020-06-30,6,190823,Saudi Arabia
2020-07-31,2020-07-31,7,275905,Saudi Arabia
2020-08-31,2020-08-31,8,315772,Saudi Arabia
2020-09-30,2020-09-30,9,334605,Saudi Arabia
2020-10-31,2020-10-17,10,341854,Saudi Arabia
2020-01-31,2020-01-31,1,0,Senegal
2020-02-29,2020-02-29,2,0,Senegal
2020-03-31,2020-03-31,3,175,Senegal
2020-04-30,2020-04-30,4,933,Senegal
2020-05-31,2020-05-31,5,3645,Senegal
2020-06-30,2020-06-30,6,6793,Senegal
2020-07-31,2020-07-31,7,10232,Senegal
2020-08-31,2020-08-31,8,13611,Senegal
2020-09-30,2020-09-30,9,14982,Senegal
2020-10-31,2020-10-17,10,15392,Senegal
2020-01-31,2020-01-31,1,0,Serbia
2020-02-29,2020-02-29,2,0,Serbia
2020-03-31,2020-03-31,3,900,Serbia
2020-04-30,2020-04-30,4,9009,Serbia
2020-05-31,2020-05-31,5,11412,Serbia
2020-06-30,2020-06-30,6,14564,Serbia
2020-07-31,2020-07-31,7,25552,Serbia
2020-08-31,2020-08-31,8,31406,Serbia
2020-09-30,2020-09-30,9,33551,Serbia
2020-10-31,2020-10-17,10,35946,Serbia
2020-01-31,2020-01-31,1,0,Seychelles
2020-02-29,2020-02-29,2,0,Seychelles
2020-03-31,2020-03-31,3,10,Seychelles
2020-04-30,2020-04-30,4,11,Seychelles
2020-05-31,2020-05-31,5,11,Seychelles
2020-06-30,2020-06-30,6,81,Seychelles
2020-07-31,2020-07-31,7,114,Seychelles
2020-08-31,2020-08-31,8,136,Seychelles
2020-09-30,2020-09-30,9,144,Seychelles
2020-10-31,2020-10-17,10,149,Seychelles
2020-01-31,2020-01-31,1,0,Sierra Leone
2020-02-29,2020-02-29,2,0,Sierra Leone
2020-03-31,2020-03-31,3,1,Sierra Leone
2020-04-30,2020-04-30,4,124,Sierra Leone
2020-05-31,2020-05-31,5,861,Sierra Leone
2020-06-30,2020-06-30,6,1462,Sierra Leone
2020-07-31,2020-07-31,7,1823,Sierra Leone
2020-08-31,2020-08-31,8,2022,Sierra Leone
2020-09-30,2020-09-30,9,2231,Sierra Leone
2020-10-31,2020-10-17,10,2327,Sierra Leone
2020-01-31,2020-01-31,1,13,Singapore
2020-02-29,2020-02-29,2,102,Singapore
2020-03-31,2020-03-31,3,926,Singapore
2020-04-30,2020-04-30,4,16169,Singapore
2020-05-31,2020-05-31,5,34884,Singapore
2020-06-30,2020-06-30,6,43907,Singapore
2020-07-31,2020-07-31,7,52205,Singapore
2020-08-31,2020-08-31,8,56812,Singapore
2020-09-30,2020-09-30,9,57765,Singapore
2020-10-31,2020-10-17,10,57904,Singapore
2020-01-31,2020-01-31,1,0,Slovakia
2020-02-29,2020-02-29,2,0,Slovakia
2020-03-31,2020-03-31,3,363,Slovakia
2020-04-30,2020-04-30,4,1396,Slovakia
2020-05-31,2020-05-31,5,1521,Slovakia
2020-06-30,2020-06-30,6,1667,Slovakia
2020-07-31,2020-07-31,7,2292,Slovakia
2020-08-31,2020-08-31,8,3917,Slovakia
2020-09-30,2020-09-30,9,10141,Slovakia
2020-10-31,2020-10-17,10,28268,Slovakia
2020-01-31,2020-01-31,1,0,Slovenia
2020-02-29,2020-02-29,2,0,Slovenia
2020-03-31,2020-03-31,3,802,Slovenia
2020-04-30,2020-04-30,4,1429,Slovenia
2020-05-31,2020-05-31,5,1473,Slovenia
2020-06-30,2020-06-30,6,1600,Slovenia
2020-07-31,2020-07-31,7,2156,Slovenia
2020-08-31,2020-08-31,8,2883,Slovenia
2020-09-30,2020-09-30,9,5690,Slovenia
2020-10-31,2020-10-17,10,12416,Slovenia
2020-01-31,2020-01-31,1,0,Solomon Islands
2020-02-29,2020-02-29,2,0,Solomon Islands
2020-03-31,2020-03-31,3,0,Solomon Islands
2020-04-30,2020-04-30,4,0,Solomon Islands
2020-05-31,2020-05-31,5,0,Solomon Islands
2020-06-30,2020-06-30,6,0,Solomon Islands
2020-07-31,2020-07-31,7,0,Solomon Islands
2020-08-31,2020-08-31,8,0,Solomon Islands
2020-09-30,2020-09-30,9,0,Solomon Islands
2020-10-31,2020-10-17,10,3,Solomon Islands
2020-01-31,2020-01-31,1,0,Somalia
2020-02-29,2020-02-29,2,0,Somalia
2020-03-31,2020-03-31,3,5,Somalia
2020-04-30,2020-04-30,4,601,Somalia
2020-05-31,2020-05-31,5,1976,Somalia
2020-06-30,2020-06-30,6,2924,Somalia
2020-07-31,2020-07-31,7,3212,Somalia
2020-08-31,2020-08-31,8,3310,Somalia
2020-09-30,2020-09-30,9,3588,Somalia
2020-10-31,2020-10-17,10,3864,Somalia
2020-01-31,2020-01-31,1,0,South Africa
2020-02-29,2020-02-29,2,0,South Africa
2020-03-31,2020-03-31,3,1353,South Africa
2020-04-30,2020-04-30,4,5647,South Africa
2020-05-31,2020-05-31,5,32683,South Africa
2020-06-30,2020-06-30,6,151209,South Africa
2020-07-31,2020-07-31,7,493183,South Africa
2020-08-31,2020-08-31,8,627041,South Africa
2020-09-30,2020-09-30,9,674339,South Africa
2020-10-31,2020-10-17,10,702131,South Africa
2020-01-31,2020-01-31,1,0,South Sudan
2020-02-29,2020-02-29,2,0,South Sudan
2020-03-31,2020-03-31,3,0,South Sudan
2020-04-30,2020-04-30,4,35,South Sudan
2020-05-31,2020-05-31,5,994,South Sudan
2020-06-30,2020-06-30,6,2007,South Sudan
2020-07-31,2020-07-31,7,2322,South Sudan
2020-08-31,2020-08-31,8,2527,South Sudan
2020-09-30,2020-09-30,9,2704,South Sudan
2020-10-31,2020-10-17,10,2817,South Sudan
2020-01-31,2020-01-31,1,0,Spain
2020-02-29,2020-02-29,2,45,Spain
2020-03-31,2020-03-31,3,95923,Spain
2020-04-30,2020-04-30,4,213435,Spain
2020-05-31,2020-05-31,5,239479,Spain
2020-06-30,2020-06-30,6,249271,Spain
2020-07-31,2020-07-31,7,288522,Spain
2020-08-31,2020-08-31,8,462858,Spain
2020-09-30,2020-09-30,9,769188,Spain
2020-10-31,2020-10-17,10,936560,Spain
2020-01-31,2020-01-31,1,1,Sri Lanka
2020-02-29,2020-02-29,2,1,Sri Lanka
2020-03-31,2020-03-31,3,143,Sri Lanka
2020-04-30,2020-04-30,4,663,Sri Lanka
2020-05-31,2020-05-31,5,1633,Sri Lanka
2020-06-30,2020-06-30,6,2047,Sri Lanka
2020-07-31,2020-07-31,7,2815,Sri Lanka
2020-08-31,2020-08-31,8,3049,Sri Lanka
2020-09-30,2020-09-30,9,3380,Sri Lanka
2020-10-31,2020-10-17,10,5475,Sri Lanka
2020-01-31,2020-01-31,1,0,Sudan
2020-02-29,2020-02-29,2,0,Sudan
2020-03-31,2020-03-31,3,7,Sudan
2020-04-30,2020-04-30,4,442,Sudan
2020-05-31,2020-05-31,5,5026,Sudan
2020-06-30,2020-06-30,6,9257,Sudan
2020-07-31,2020-07-31,7,11644,Sudan
2020-08-31,2020-08-31,8,13189,Sudan
2020-09-30,2020-09-30,9,13640,Sudan
2020-10-31,2020-10-17,10,13691,Sudan
2020-01-31,2020-01-31,1,0,Suriname
2020-02-29,2020-02-29,2,0,Suriname
2020-03-31,2020-03-31,3,9,Suriname
2020-04-30,2020-04-30,4,10,Suriname
2020-05-31,2020-05-31,5,23,Suriname
2020-06-30,2020-06-30,6,515,Suriname
2020-07-31,2020-07-31,7,1650,Suriname
2020-08-31,2020-08-31,8,4034,Suriname
2020-09-30,2020-09-30,9,4877,Suriname
2020-10-31,2020-10-17,10,5123,Suriname
2020-01-31,2020-01-31,1,0,Sweden
2020-02-29,2020-02-29,2,14,Sweden
2020-03-31,2020-03-31,3,4834,Sweden
2020-04-30,2020-04-30,4,21601,Sweden
2020-05-31,2020-05-31,5,38661,Sweden
2020-06-30,2020-06-30,6,67924,Sweden
2020-07-31,2020-07-31,7,77076,Sweden
2020-08-31,2020-08-31,8,84379,Sweden
2020-09-30,2020-09-30,9,92863,Sweden
2020-10-31,2020-10-17,10,103200,Sweden
2020-01-31,2020-01-31,1,0,Switzerland
2020-02-29,2020-02-29,2,18,Switzerland
2020-03-31,2020-03-31,3,16605,Switzerland
2020-04-30,2020-04-30,4,29586,Switzerland
2020-05-31,2020-05-31,5,30862,Switzerland
2020-06-30,2020-06-30,6,31714,Switzerland
2020-07-31,2020-07-31,7,35232,Switzerland
2020-08-31,2020-08-31,8,42177,Switzerland
2020-09-30,2020-09-30,9,53282,Switzerland
2020-10-31,2020-10-17,10,74422,Switzerland
2020-01-31,2020-01-31,1,0,Syria
2020-02-29,2020-02-29,2,0,Syria
2020-03-31,2020-03-31,3,10,Syria
2020-04-30,2020-04-30,4,43,Syria
2020-05-31,2020-05-31,5,122,Syria
2020-06-30,2020-06-30,6,279,Syria
2020-07-31,2020-07-31,7,757,Syria
2020-08-31,2020-08-31,8,2765,Syria
2020-09-30,2020-09-30,9,4200,Syria
2020-10-31,2020-10-17,10,5033,Syria
2020-01-31,2020-01-31,1,10,Taiwan*
2020-02-29,2020-02-29,2,39,Taiwan*
2020-03-31,2020-03-31,3,322,Taiwan*
2020-04-30,2020-04-30,4,429,Taiwan*
2020-05-31,2020-05-31,5,442,Taiwan*
2020-06-30,2020-06-30,6,447,Taiwan*
2020-07-31,2020-07-31,7,467,Taiwan*
2020-08-31,2020-08-31,8,488,Taiwan*
2020-09-30,2020-09-30,9,514,Taiwan*
2020-10-31,2020-10-17,10,535,Taiwan*
2020-01-31,2020-01-31,1,0,Tajikistan
2020-02-29,2020-02-29,2,0,Tajikistan
2020-03-31,2020-03-31,3,0,Tajikistan
2020-04-30,2020-04-30,4,15,Tajikistan
2020-05-31,2020-05-31,5,3930,Tajikistan
2020-06-30,2020-06-30,6,5900,Tajikistan
2020-07-31,2020-07-31,7,7409,Tajikistan
2020-08-31,2020-08-31,8,8583,Tajikistan
2020-09-30,2020-09-30,9,9769,Tajikistan
2020-10-31,2020-10-17,10,10455,Tajikistan
2020-01-31,2020-01-31,1,0,Tanzania
2020-02-29,2020-02-29,2,0,Tanzania
2020-03-31,2020-03-31,3,19,Tanzania
2020-04-30,2020-04-30,4,480,Tanzania
2020-05-31,2020-05-31,5,509,Tanzania
2020-06-30,2020-06-30,6,509,Tanzania
2020-07-31,2020-07-31,7,509,Tanzania
2020-08-31,2020-08-31,8,509,Tanzania
2020-09-30,2020-09-30,9,509,Tanzania
2020-10-31,2020-10-17,10,509,Tanzania
2020-01-31,2020-01-31,1,19,Thailand
2020-02-29,2020-02-29,2,42,Thailand
2020-03-31,2020-03-31,3,1651,Thailand
2020-04-30,2020-04-30,4,2954,Thailand
2020-05-31,2020-05-31,5,3081,Thailand
2020-06-30,2020-06-30,6,3171,Thailand
2020-07-31,2020-07-31,7,3310,Thailand
2020-08-31,2020-08-31,8,3417,Thailand
2020-09-30,2020-09-30,9,3569,Thailand
2020-10-31,2020-10-17,10,3686,Thailand
2020-01-31,2020-01-31,1,0,Timor-Leste
2020-02-29,2020-02-29,2,0,Timor-Leste
2020-03-31,2020-03-31,3,1,Timor-Leste
2020-04-30,2020-04-30,4,24,Timor-Leste
2020-05-31,2020-05-31,5,24,Timor-Leste
2020-06-30,2020-06-30,6,24,Timor-Leste
2020-07-31,2020-07-31,7,24,Timor-Leste
2020-08-31,2020-08-31,8,27,Timor-Leste
2020-09-30,2020-09-30,9,28,Timor-Leste
2020-10-31,2020-10-17,10,29,Timor-Leste
2020-01-31,2020-01-31,1,0,Togo
2020-02-29,2020-02-29,2,0,Togo
2020-03-31,2020-03-31,3,34,Togo
2020-04-30,2020-04-30,4,116,Togo
2020-05-31,2020-05-31,5,442,Togo
2020-06-30,2020-06-30,6,650,Togo
2020-07-31,2020-07-31,7,941,Togo
2020-08-31,2020-08-31,8,1400,Togo
2020-09-30,2020-09-30,9,1784,Togo
2020-10-31,2020-10-17,10,2049,Togo
2020-01-31,2020-01-31,1,0,Trinidad and Tobago
2020-02-29,2020-02-29,2,0,Trinidad and Tobago
2020-03-31,2020-03-31,3,87,Trinidad and Tobago
2020-04-30,2020-04-30,4,116,Trinidad and Tobago
2020-05-31,2020-05-31,5,117,Trinidad and Tobago
2020-06-30,2020-06-30,6,130,Trinidad and Tobago
2020-07-31,2020-07-31,7,169,Trinidad and Tobago
2020-08-31,2020-08-31,8,1759,Trinidad and Tobago
2020-09-30,2020-09-30,9,4531,Trinidad and Tobago
2020-10-31,2020-10-17,10,5281,Trinidad and Tobago
2020-01-31,2020-01-31,1,0,Tunisia
2020-02-29,2020-02-29,2,0,Tunisia
2020-03-31,2020-03-31,3,394,Tunisia
2020-04-30,2020-04-30,4,994,Tunisia
2020-05-31,2020-05-31,5,1077,Tunisia
2020-06-30,2020-06-30,6,1174,Tunisia
2020-07-31,2020-07-31,7,1535,Tunisia
2020-08-31,2020-08-31,8,3803,Tunisia
2020-09-30,2020-09-30,9,18413,Tunisia
2020-10-31,2020-10-17,10,40542,Tunisia
2020-01-31,2020-01-31,1,0,Turkey
2020-02-29,2020-02-29,2,0,Turkey
2020-03-31,2020-03-31,3,13531,Turkey
2020-04-30,2020-04-30,4,120204,Turkey
2020-05-31,2020-05-31,5,163942,Turkey
2020-06-30,2020-06-30,6,199906,Turkey
2020-07-31,2020-07-31,7,230873,Turkey
2020-08-31,2020-08-31,8,270133,Turkey
2020-09-30,2020-09-30,9,318663,Turkey
2020-10-31,2020-10-17,10,345678,Turkey
2020-01-31,2020-01-31,1,8,US
2020-02-29,2020-02-29,2,25,US
2020-03-31,2020-03-31,3,192091,US
2020-04-30,2020-04-30,4,1076689,US
2020-05-31,2020-05-31,5,1796645,US
2020-06-30,2020-06-30,6,2633871,US
2020-07-31,2020-07-31,7,4559711,US
2020-08-31,2020-08-31,8,6028642,US
2020-09-30,2020-09-30,9,7233042,US
2020-10-31,2020-10-17,10,8106384,US
2020-01-31,2020-01-31,1,0,Uganda
2020-02-29,2020-02-29,2,0,Uganda
2020-03-31,2020-03-31,3,44,Uganda
2020-04-30,2020-04-30,4,83,Uganda
2020-05-31,2020-05-31,5,417,Uganda
2020-06-30,2020-06-30,6,889,Uganda
2020-07-31,2020-07-31,7,1154,Uganda
2020-08-31,2020-08-31,8,2972,Uganda
2020-09-30,2020-09-30,9,8129,Uganda
2020-10-31,2020-10-17,10,10455,Uganda
2020-01-31,2020-01-31,1,0,Ukraine
2020-02-29,2020-02-29,2,0,Ukraine
2020-03-31,2020-03-31,3,645,Ukraine
2020-04-30,2020-04-30,4,10406,Ukraine
2020-05-31,2020-05-31,5,23672,Ukraine
2020-06-30,2020-06-30,6,45254,Ukraine
2020-07-31,2020-07-31,7,71404,Ukraine
2020-08-31,2020-08-31,8,124132,Ukraine
2020-09-30,2020-09-30,9,214446,Ukraine
2020-10-31,2020-10-17,10,301856,Ukraine
2020-01-31,2020-01-31,1,4,United Arab Emirates
2020-02-29,2020-02-29,2,21,United Arab Emirates
2020-03-31,2020-03-31,3,664,United Arab Emirates
2020-04-30,2020-04-30,4,12481,United Arab Emirates
2020-05-31,2020-05-31,5,34557,United Arab Emirates
2020-06-30,2020-06-30,6,48667,United Arab Emirates
2020-07-31,2020-07-31,7,60506,United Arab Emirates
2020-08-31,2020-08-31,8,70231,United Arab Emirates
2020-09-30,2020-09-30,9,94190,United Arab Emirates
2020-10-31,2020-10-17,10,114387,United Arab Emirates
2020-01-31,2020-01-31,1,2,United Kingdom
2020-02-29,2020-02-29,2,61,United Kingdom
2020-03-31,2020-03-31,3,38815,United Kingdom
2020-04-30,2020-04-30,4,178771,United Kingdom
2020-05-31,2020-05-31,5,257539,United Kingdom
2020-06-30,2020-06-30,6,285216,United Kingdom
2020-07-31,2020-07-31,7,304793,United Kingdom
2020-08-31,2020-08-31,8,338083,United Kingdom
2020-09-30,2020-09-30,9,455846,United Kingdom
2020-10-31,2020-10-17,10,708298,United Kingdom
2020-01-31,2020-01-31,1,0,Uruguay
2020-02-29,2020-02-29,2,0,Uruguay
2020-03-31,2020-03-31,3,338,Uruguay
2020-04-30,2020-04-30,4,643,Uruguay
2020-05-31,2020-05-31,5,823,Uruguay
2020-06-30,2020-06-30,6,936,Uruguay
2020-07-31,2020-07-31,7,1264,Uruguay
2020-08-31,2020-08-31,8,1595,Uruguay
2020-09-30,2020-09-30,9,2046,Uruguay
2020-10-31,2020-10-17,10,2501,Uruguay
2020-01-31,2020-01-31,1,0,Uzbekistan
2020-02-29,2020-02-29,2,0,Uzbekistan
2020-03-31,2020-03-31,3,172,Uzbekistan
2020-04-30,2020-04-30,4,2039,Uzbekistan
2020-05-31,2020-05-31,5,3623,Uzbekistan
2020-06-30,2020-06-30,6,8503,Uzbekistan
2020-07-31,2020-07-31,7,24009,Uzbekistan
2020-08-31,2020-08-31,8,41893,Uzbekistan
2020-09-30,2020-09-30,9,56717,Uzbekistan
2020-10-31,2020-10-17,10,62809,Uzbekistan
2020-01-31,2020-01-31,1,0,Venezuela
2020-02-29,2020-02-29,2,0,Venezuela
2020-03-31,2020-03-31,3,135,Venezuela
2020-04-30,2020-04-30,4,333,Venezuela
2020-05-31,2020-05-31,5,1510,Venezuela
2020-06-30,2020-06-30,6,5832,Venezuela
2020-07-31,2020-07-31,7,18574,Venezuela
2020-08-31,2020-08-31,8,46728,Venezuela
2020-09-30,2020-09-30,9,75122,Venezuela
2020-10-31,2020-10-17,10,86289,Venezuela
2020-01-31,2020-01-31,1,2,Vietnam
2020-02-29,2020-02-29,2,16,Vietnam
2020-03-31,2020-03-31,3,212,Vietnam
2020-04-30,2020-04-30,4,270,Vietnam
2020-05-31,2020-05-31,5,328,Vietnam
2020-06-30,2020-06-30,6,355,Vietnam
2020-07-31,2020-07-31,7,558,Vietnam
2020-08-31,2020-08-31,8,1044,Vietnam
2020-09-30,2020-09-30,9,1094,Vietnam
2020-10-31,2020-10-17,10,1126,Vietnam
2020-01-31,2020-01-31,1,0,West Bank and Gaza
2020-02-29,2020-02-29,2,0,West Bank and Gaza
2020-03-31,2020-03-31,3,119,West Bank and Gaza
2020-04-30,2020-04-30,4,344,West Bank and Gaza
2020-05-31,2020-05-31,5,448,West Bank and Gaza
2020-06-30,2020-06-30,6,2428,West Bank and Gaza
2020-07-31,2020-07-31,7,11837,West Bank and Gaza
2020-08-31,2020-08-31,8,22729,West Bank and Gaza
2020-09-30,2020-09-30,9,39899,West Bank and Gaza
2020-10-31,2020-10-17,10,46746,West Bank and Gaza
2020-01-31,2020-01-31,1,0,Western Sahara
2020-02-29,2020-02-29,2,0,Western Sahara
2020-03-31,2020-03-31,3,0,Western Sahara
2020-04-30,2020-04-30,4,6,Western Sahara
2020-05-31,2020-05-31,5,9,Western Sahara
2020-06-30,2020-06-30,6,10,Western Sahara
2020-07-31,2020-07-31,7,10,Western Sahara
2020-08-31,2020-08-31,8,10,Western Sahara
2020-09-30,2020-09-30,9,10,Western Sahara
2020-10-31,2020-10-17,10,10,Western Sahara
2020-01-31,2020-01-31,1,0,Yemen
2020-02-29,2020-02-29,2,0,Yemen
2020-03-31,2020-03-31,3,0,Yemen
2020-04-30,2020-04-30,4,6,Yemen
2020-05-31,2020-05-31,5,323,Yemen
2020-06-30,2020-06-30,6,1158,Yemen
2020-07-31,2020-07-31,7,1728,Yemen
2020-08-31,2020-08-31,8,1958,Yemen
2020-09-30,2020-09-30,9,2034,Yemen
2020-10-31,2020-10-17,10,2055,Yemen
2020-01-31,2020-01-31,1,0,Zambia
2020-02-29,2020-02-29,2,0,Zambia
2020-03-31,2020-03-31,3,35,Zambia
2020-04-30,2020-04-30,4,106,Zambia
2020-05-31,2020-05-31,5,1057,Zambia
2020-06-30,2020-06-30,6,1594,Zambia
2020-07-31,2020-07-31,7,5963,Zambia
2020-08-31,2020-08-31,8,12097,Zambia
2020-09-30,2020-09-30,9,14759,Zambia
2020-10-31,2020-10-17,10,15789,Zambia
2020-01-31,2020-01-31,1,0,Zimbabwe
2020-02-29,2020-02-29,2,0,Zimbabwe
2020-03-31,2020-03-31,3,8,Zimbabwe
2020-04-30,2020-04-30,4,40,Zimbabwe
2020-05-31,2020-05-31,5,178,Zimbabwe
2020-06-30,2020-06-30,6,591,Zimbabwe
2020-07-31,2020-07-31,7,3169,Zimbabwe
2020-08-31,2020-08-31,8,6497,Zimbabwe
2020-09-30,2020-09-30,9,7838,Zimbabwe
2020-10-31,2020-10-17,10,8110,Zimbabwe
